,,,,,,,,,,,,,,,,,,,,,,,,,,,,,,,,,,,,,,,,,,,,,,,,,,,,,,,,,,,,,,,,,,,,,,,,,,,,,,,,,,,,,,,,,,,,,,,,,,,,,,,,,,,,,,,,,,,,,,,,,,
,Charm of Strength,,,,,,Charm of Skill,,,,,,Charm of Intelligence,,,,,,Shield Training Manual,,,,,,Windgrass Scarf,,,,,,,Wind Sheet Music,,,,,,Electro Chakram,,,,,,Scabbard of Exorcism,,,,,,Blue Planet,,,,,,Cold Lock,,,,,,,Broken Root,,,,,,Heart-Shaped Carrot,,,,,,Sword Training Manual,,,,,,Warm Stone,,,,,,Golden Crown of Arrogance,,,,,,,Shieldmate,,,,,,Crown of Humility,,,,,,Fretted Clay Tablet,,,,,,Absolute Ring,,,,,,Lightning Rod,,,,
,★★★,,,,,,★,,,,,,★★★,,,,,,★,,,,,,★★★,,,,,,,★★★★,,,,,,★★★★,,,,,,★★★★★★,,,,,,★★★★★,,,,,,★★★★,,,,,,,★★★★,,,,,,★★★★,,,,,,★★,,,,,,★★★,,,,,,★★★★,,,,,,,★★★★★★,,,,,,★★★★,,,,,,★★★★,,,,,,★★,,,,,,★★★★,,,,
,3,,,,,,1,,,,,,3,,,,,,1,,,,,,3,,,,,,,4,,,,,,4,,,,,,6,,,,,,5,,,,,,4,,,,,,,4,,,,,,4,,,,,,2,,,,,,3,,,,,,4,,,,,,,6,,,,,,4,,,,,,4,,,,,,2,,,,,,4,,,,
,,,,,,,,,,,,,,,,,,,,,,,,,,,,,,,,,,,,,,,,,,,,,,,,,,,,,,,,,,,,,,,,,,,,,,,,,,,,,,,,,,,,,,,,,,,,,,,,,,,,,,,,,,,,,,,,,,,,,,,,,,
,,Sturdy,,,[Unique],,,Shadow,,,,,,Glacier,,,[Unique],,,Sturdy,,,,,,Wind Song,,,[Unique],,,,Wind Song,,,[Unique],,,Magitech,,,[Unique],,,Frost Relic,,,[Unique],,,Planet,,,[Unique],,,,,,,,,,Lake,,,[Unique],,,Lake,,,[Unique],,,Wind Song,,,[Unique],,,Precision,,,[Unique],,,Precision,,,[Unique],,,,Sturdy,,,[Unique],,,Sturdy,,,[Unique],,,Storm Cloud,,,[Unique],,,Sturdy,,,[Unique],,,Storm Cloud,,,[Unique]
,,,,,,,,,,,,,,,,,,,,,,,,,,,,,,,,,,,,,,,,,,,,,,,,,,,,,,,,,,,,,,,,,,,,,,,,,,,,,,,,,,,,,,,,,,,,,,,,,,,,,,,,,,,,,,,,,,,,,,,,,,
,,,,,,,,,,,,,,,,,,,,,,,,,,,,,,,,,,,,,,,,,,,,Must be placed on the edges [6s CD],,,,,,,,,,,,Slots to the left & right must be empty,,,,,,,,,,,,,,,,,,,Must be placed on the top slots,,,,,,Must not be placed on the edges,,,,,,,,,,,,,,,,,,,,,,,,,,,,,,,Must be evolved from Discarded Golden Ring,,,,,,,,,,
,+2 / +3 / +4 / +6 Physical DMG,,,,,,+3 / +6 Evasion,,,,,,+3 / +4 / +6 / +8 Cold DMG,,,,,,+5% / +8% Special ATK DMG,,,,,,"+30% / +45% / +60% / +80% 
Dash ATK DMG",,,,,,,+10% / +20% / +30% / +40% / +50% Melee ATK Range,,,,,,"Summons 1 / 2 / 2 / 3 / 3 chakrams that orbits you, dealing 50% / 50% / 80% / 80% / 110% Lightning DMG each, with 10% / 10% / 10% / 10% / 30% chance to inflict Electrocution",,,,,,"On Normal ATK, unleash an ice slash, dealing 50% / 80% / 120% / 170% / 230% / 300% / 400% Cold DMG",,,,,,"Summons Blue Planet: shoots physical projectiles, dealing 10 / 14 / 18 / 24 / 22 / 26 / 30 Physical DMG",,,,,,"+8% / +12% / +16% / 
+20% / +25% All DMG",,,,,,,+5 / +10 / +20 / +35 / +60 Max MP,,,,,,"+5 / +10 / +15 / +20 / +30 Max HP
+5 / +10 / +15 / +20 / +30 Max MP",,,,,,+7% / +14% / +26% ATK SPD,,,,,,"+10% / +20% / +30% / +40%
Critical DMG",,,,,,"+15% / +30% / +50% / +75% / +100%
Last Hit Critical Chance",,,,,,,"-15% / -30% / -45% / -60% / -70% / -80% / -100% MP Cost for Special ATK: Cleave
+2% / +4% / +6% / +8% / +10% / +12% / +15% Weapon DMG
-20% / -20% / -20% / -10% / -10% / -5% / -5% ATK SPD",,,,,,"+10% / +22% / +40% / +60% / 
+84% All DMG on Final Hit",,,,,,10% / 20% / 30% / 40% / 50% Chance for Storm Cloud to not be consumed,,,,,,"+30% / +45% / +60% Special ATK Range
+10% / +20% / +45% Special ATK DMG",,,,,,"+5 / +10 / +15 / +20 / +25 
Storm Cloud Capacity
+3% / +6% / +9% / +12% / +15% 
Storm Cloud Recovery Rate in Combat
+1 / +2 / +3 / +4 / +5 Lightning DMG",,,,
,,,,,,,,,,,,,,,,,,,,,,,,,,,,,,,,,,,,,,,,,,,,,,,,,,,,,,,,,,,,,,,,,,,,,,,,,,,,,,,,,,,,,,,,,,,,,,,,,,,,,,,,,,,,,,,,,,,,,,,,,,
,"The word ""Strength"" is written on it, but it doesn't seem reliable.",,,,,,It also acts as a bracer that secures the wrist.,,,,,,It rids its bearer of distracting thoughts.,,,,,,It also acts as a bracer that secures the wrist.,,,,,,A decorative scarf that makes its wearer feel more attactive.,,,,,,,I can feel it... I feel the melody... I can call upon them... I can call forth the skies.,,,,,,Sharp enough to cut through sugar cane.,,,,,,A scabbard used to draw out unappeasable spirits.,,,,,,A blue planet model displayed in the library. It was made in the past by those who looked beyond the skies.,,,,,,It wasn't designed to be locked and unlocked.,,,,,,,It hasn't dried up despite being broken.,,,,,,An artifact made from an oddly shaped carrot.,,,,,,"Written on it are the words, ""Don't show to young animals.""",,,,,,It loses its effect when it isn't kept warm.,,,,,,The jewel in its center emits an ominous light.,,,,,,,A gauntlet that allows shields to be held more securely.,,,,,,A comforting light glimmers from the jewel embedded in the crown's center.,,,,,,On the continuity of all things.,,,,,,"It blesses its holder, just like in the glory days.",,,,,,It is shaped like a sword but made of fragile material.,,,,
,Common Artifact,,,,,,Common Artifact,,,,,,Common Artifact,,,,,,Common Artifact,,,,,,Common Artifact,,,,,,,Advanced Artifact,,,,,,Advanced Artifact,,,,,,Advanced Artifact,,,,,,Advanced Artifact,,,,,,Advanced Artifact,,,,,,,Rare Artifact,,,,,,Rare Artifact,,,,,,Rare Artifact,,,,,,Rare Artifact,,,,,,Rare Artifact,,,,,,,"Legendary Artifact
Sword and Shield Exclusive",,,,,,Legendary Artifact,,,,,,Legendary Artifact,,,,,,"Legendary Artifact
Greatsword Exclusive",,,,,,Legendary Artifact,,,,
,,,,,,,,,,,,,,,,,,,,,,,,,,,,,,,,,,,,,,,,,,,,,,,,,,,,,,,,,,,,,,,,,,,,,,,,,,,,,,,,,,,,,,,,,,,,,,,,,,,,,,,,,,,,,,,,,,,,,,,,,,
,Keel Fragment,,,,,,Red Mist,,,,,,Dried Flower,,,,,,Simple Contract,,,,,,Endoditte's Paperweight,,,,,,,Golden Handbell,,,,,,Red Snake Eyes,,,,,,Cloud Bottle,,,,,,Warrior Seal,,,,,,Magic Carrot,,,,,,,White Branch,,,,,,Bronze Mirror Fragment,,,,,,Library Minute Hand Miniature,,,,,,Seren's Rushed Letter,,,,,,Standards of Magic,,,,,,,White Crust Bread,,,,,,Valter's Work Monocle,,,,,,Magma Bead,,,,,,Dark Planet,,,,,,Frozen Bow,,,,
,★★★,,,,,,★★★,,,,,,★★,,,,,,★★★★,,,,,,★★,,,,,,,★★★★,,,,,,★★★★★,,,,,,★★★★★,,,,,,★★★★★,,,,,,★★★★,,,,,,,★★★★,,,,,,★★★,,,,,,★★,,,,,,★★,,,,,,★★★★,,,,,,,★★,,,,,,★★★★,,,,,,★★★,,,,,,★★★★,,,,,,★★★★★,,,,
,3,,,,,,3,,,,,,2,,,,,,4,,,,,,2,,,,,,,4,,,,,,5,,,,,,5,,,,,,5,,,,,,4,,,,,,,4,,,,,,3,,,,,,2,,,,,,2,,,,,,4,,,,,,,2,,,,,,4,,,,,,3,,,,,,4,,,,,,5,,,,
,,,,,,,,,,,,,,,,,,,,,,,,,,,,,,,,,,,,,,,,,,,,,,,,,,,,,,,,,,,,,,,,,,,,,,,,,,,,,,,,,,,,,,,,,,,,,,,,,,,,,,,,,,,,,,,,,,,,,,,,,,
,,Mystic,,,[Unique],,,Precision,,,[Unique],,,Lake,,,,,,Companion,,,[Unique],,,Lake,,,,,,,Companion,,,[Unique],,,Ember,,,[Unique],,,Storm Cloud,,,,,,Sturdy,,,[Unique],,,Elemental,,,[Unique],,,,Lake,,,[Unique],,,Sturdy,,,,,,Precision,,,[Unique],,,Guardian,,,[Unique],,,Elemental,,,[Unique],,,,Guardian,,,[Unique],,,Precision,,,[Unique],,,Ember,,,[Unique],,,Planet,,,[Unique],,,Frost Relic,,,[Unique]
,,,,,,,,,,,,,,,,,,,,,,,,,,,,,,,,,,,,,,,,,,,,,,,,,,,,,,,,,,,,,,,,,,,,,,,,,,,,,,,,,,,,,,,,,,,,,,,,,,,,,,,,,,,,,,,,,,,,,,,,,,
,Must be placed on the edges,,,,,,,,,,,,,,,,,,,,,,,,,,,,,,,20s Revive Time,,,,,,[5s CD],,,,,,[3.5s CD],,,,,,,,,,,,Must be placed on the top slots,,,,,,,,,,,,,,,,,,,,,,,,,,,,,,,,,,,,,,,,,,,,,,,,,,,,,,,,,,,,,,,,,,
,+5 / +10 / +15 / +20 Max HP,,,,,,"On Critical Hit, deal 10% / 14% / 21% / 30% of highest DMG type",,,,,,"+2% / +4% / +6% Critical Chance
+2 / +4 / +6 Max MP",,,,,,+25% / +55% / +88% / +120% / +150% Companion Max HP,,,,,,"+3 / +6 / +9 MP Regen
+3 / +6 / +9 Max MP",,,,,,,"Summons Soul Mole: melee attack nearby enemies, dealing 24 / 58 / 92 / 126 / 160 Companion DMG
(118 / 143 / 168 / 192 / 218 HP)",,,,,,"Rains down 1 / 1 / 2 / 2 / 3 / 4 meteors, dealing 130% / 150% / 150% / 170% / 170% / 170% Fire DMG and inflicts Burn",,,,,,"On Dash ATK, +1 / +2 / +3 / 
+5 / +7 / +10 Storm Cloud
+5% / +10% / +15% / +20% / +25% / +30% Storm Cloud ATK SPD",,,,,,"+1 / +2 / +3 / +4 / +6 / +8 Physical DMG
+5% / +5% / +5% / +10% / +15% / +10% ATK SPD",,,,,,"+2 / +3 / +4 / +6 / +8 
Highest Elemental DMG
+2% / +4% / +6% / +8% / +10% 
Move SPD",,,,,,,+5 / +9 / +15 / +22 / +30 MP Regen,,,,,,+5 / +9 / +15 / +22 / +30 MP Regen,,,,,,"+0.1s / +0.2s / +0.3s
Invincibility during Fury",,,,,,"After using 40 MP, gain +5 / +10 / +15 Barrier for 15s",,,,,,"+2 / +4 / +6 / +8 / +10 
Highest Elemental DMG
+3% / +6% / +9% / +12% / +15% 
Grimoire DMG",,,,,,,"On damage taken, become invincible for 0.4s / 0.8s / 1.2s",,,,,,"+10% / +19% / +28% / +35% / +45% Critical Chance
-30% Critical DMG if there are enemies within 3 tiles",,,,,,"Inflict Burn 0 / 1 / 1 / 2 additional time(s)
+1 / +1 / +1 / +2 Burn Stacks",,,,,,"Summons Dark Planet: fires chaos bullets, dealing 50 / 60 / 70 / 80 / 90 Chaos DMG",,,,,,"Grant Frozen Bow ability: reloads 1 shot every 0.8s (7 max)
On use, fires an ice arrow, dealing 
10 + 50% / 60% / 70% / 80% / 90% / 100% Cold DMG",,,,
,,,,,,,,,,,,,,,,,,,,,,,,,,,,,,,,,,,,,,,,,,,,,,,,,,,,,,,,,,,,,,,,,,,,,,,,,,,,,,,,,,,,,,,,,,,,,,,,,,,,,,,,,,,,,,,,,,,,,,,,,,
,As sturdy and heavy as they come!,,,,,,Let them leave their sins here.,,,,,,A strong flower capable of growing anywhere. It has been dried nicely.,,,,,,A mystical sheet of paper where magic can be stored. Commonly used for summoning.,,,,,,A magic tool that automatically spreads parchment out.,,,,,,,"The more that gather, the more beautiful they sound.",,,,,,A jewel imbued with burning energies. It can work as a guide in dark places.,,,,,,A container for storing storm clouds.,,,,,,A special seal given to young lizards when they leave for their first hunt.,,,,,,"A rare, special carrot. It never goes bad, but it isn't edible.",,,,,,,It caught a rare disease and changed color.,,,,,,"Brimming with desires from the past, these broken fragments are wrapped in cloth and passed down from one owner to the next.",,,,,,There was a time when all the animals in the tower could hear the bell from the library.,,,,,,It was written in a rush and is thus illegible.,,,,,,A book about offensive spells. It looks like only the first page was read.,,,,,,,"Crispy on the outside, moist on the inside.",,,,,,"Sometimes the quality of magical items can actually affect the magic itself. Since it's strong, make sure to keep one eye closed when using it.",,,,,,A bead infused with the essence of magma.,,,,,,A black planet model displayed in the library. It was made in the past by those who looked beyond the skies.,,,,,,"If you endure for a long time, the bow will no longer chill its wielder.",,,,
,Common Artifact,,,,,,Common Artifact,,,,,,Common Artifact,,,,,,Common Artifact,,,,,,Common Artifact,,,,,,,Advanced Companion,,,,,,Advanced Artifact,,,,,,Advanced Artifact,,,,,,Advanced Artifact,,,,,,Advanced Artifact,,,,,,,Rare Artifact,,,,,,"Rare Artifact
Greatsword Exclusive",,,,,,"Rare Artifact
Dagger Exclusive",,,,,,Rare Artifact,,,,,,Rare Artifact,,,,,,,Legendary Artifact,,,,,,Legendary Artifact,,,,,,Legendary Artifact,,,,,,Legendary Artifact,,,,,,Legendary Artifact,,,,
,,,,,,,,,,,,,,,,,,,,,,,,,,,,,,,,,,,,,,,,,,,,,,,,,,,,,,,,,,,,,,,,,,,,,,,,,,,,,,,,,,,,,,,,,,,,,,,,,,,,,,,,,,,,,,,,,,,,,,,,,,
,Model Mast,,,,,,Stone Flower,,,,,,Exciting Custard Pastry,,,,,,Compression Bandage,,,,,,Charm of Aspiration,,,,,,,Radiating Charm,,,,,,Riposte Blade Fragment,,,,,,Tiny Magic Conch,,,,,,Chalcedony Key,,,,,,Sapote Fruit,,,,,,,Broken Sapphire,,,,,,"Artificial Fairy, Iphiel",,,,,,Model Beak,,,,,,Slim Cushion,,,,,,Giant Telescope,,,,,,,Crystal of Harmony,,,,,,Empty Hilt,,,,,,Rylie's Pocket Watch,,,,,,Thunderstorm Tracking Compass,,,,,,Meteor Shower,,,,
,★★,,,,,,★,,,,,,★★,,,,,,★★,,,,,,★★★,,,,,,,★★★★,,,,,,★★★★★,,,,,,★★,,,,,,★★★,,,,,,★★★,,,,,,,★★,,,,,,★★★★★,,,,,,★★★★,,,,,,★★★★★★,,,,,,★,,,,,,,★,,,,,,★★★★★,,,,,,★★,,,,,,★★★,,,,,,★★★,,,,
,2,,,,,,1,,,,,,2,,,,,,2,,,,,,3,,,,,,,4,,,,,,5,,,,,,2,,,,,,3,,,,,,3,,,,,,,2,,,,,,5,,,,,,4,,,,,,6,,,,,,1,,,,,,,1,,,,,,5,,,,,,2,,,,,,3,,,,,,3,,,,
,,,,,,,,,,,,,,,,,,,,,,,,,,,,,,,,,,,,,,,,,,,,,,,,,,,,,,,,,,,,,,,,,,,,,,,,,,,,,,,,,,,,,,,,,,,,,,,,,,,,,,,,,,,,,,,,,,,,,,,,,,
,,Storm Cloud,,,[Unique],,,Storm Cloud,,,,,,Storm Cloud,,,[Unique],,,Wind Song,,,[Unique],,,Precision,,,[Unique],,,,Sturdy,,,[Unique],,,Sturdy,,,[Unique],,,Frost Relic,,,,,,,,,[Unique],,,Storm Cloud,,,,,,,Shadow,,,[Unique],,,Lake,,,[Unique],,,Shadow,,,[Unique],,,Companion,,,[Unique],,,Planet,,,,,,,Mystic,,,,,,Academy,,,[Unique],,,Academy,,,[Unique],,,Magitech,,,[Unique],,,Ember,,,[Unique]
,,,,,,,,,,,,,,,,,,,,,,,,,,,,,,,,,,,,,,,,,,,,,,,,,,,,,,,,,,,,,,,,,,,,,,,,,,,,,,,,,,,,,,,,,,,,,,,,,,,,,,,,,,,,,,,,,,,,,,,,,,
,,,,,,,,,,,,,,,,,,,,,,,,,,,,,,,,,,,,,,Counts as a Melee ATK [No CD],,,,,,,,,,,,,,,,,,,,,,,,,,,,,,,,,,,,,,,,,,,,,,,,,,,,,,,,Does not count stars above the max,,,,,,,,,,,,Must be placed on the lowest slots,,,,,,,,,,,,35 / 38 / 41 / 44 MP Cost [26s CD],,,,
,"+20% / +40% / +60% 
Storm Cloud ATK SPD",,,,,,"+3 / +6 Lightning DMG
+3% / +6% Critical DMG",,,,,,"On kill, 33% Chance to drop 
Lightning Bread: +1 / +2 / +3 
Storm Cloud when collected",,,,,,"+10% / +15% / +30% 
Dash Recovery SPD",,,,,,"+3% / +6% / +10%  / +14% 
Direct ATK Critical Chance",,,,,,,"On successful block, grants +2 / +4 / +6 / +8 / +10 Physical DMG buff for 25.5s",,,,,,"On successful block, perform a Counter: short melee attacks forward, dealing 50% / 100% / 170% / 260% / 380% / 550% Physical DMG",,,,,,"+3% / +6% / +10% Frost Relic DMG 
+5% / +8% / +12% Critical DMG",,,,,,"Gain Sturdy, Ember, Glacier, or Magitech combo depending on the row it's placed in
+2 / +4 / +6 / +8 DMG matching the combo",,,,,,"+4 / +8 / +12 / +16 Storm Cloud Capacity
+1 / +2 / +3 / +4 MP Regen",,,,,,,"Every 16s / 14s / 12s, gain Shroud: guaranteed evasion on the next attack
+2 / +4 / +6 Evasion
+2 / +4 / +6 DEF ",,,,,,"While Blocking, +5 / +10 / +15 / +20 / +30 / +50 MP Regen and -90% Move SPD",,,,,,"+1 / +2 / +3 / +5 / +8 Physical DMG
+2 / +3 / +4 / +5 / +6 Evasion",,,,,,"+20% / +25% / +30% / +35% / +40% / +50% / +60% Companion ATK SPD
+5% / +10% / +15% / +20% / +30% / +40% / +50% Companion Revive SPD",,,,,,"+5% / +10% Planet ATK SPD
Planet Artifacts in the surrounding 8 slots become Enhanced: larger projectiles and deal +50% DMG (Does not stack)",,,,,,,+1% / +2% All DMG per star of artifacts placed in the 8 inventory slots surrounding this artifact,,,,,,"+5% / +10% / +15% / +20% / 
+25% / +30% Grimoire DMG
+7% / +9% / +11% / +13% / 
+15% / +20% Max MP
+2 / +2 / +2 / +4 / +4 / +6 MP Regen",,,,,,"+40 / +60 / +80 Grimoire Haste
+8% / +14% / +20% Critical DMG",,,,,,"When inflicting Electrocution, 15% / 30% / 45% / 60% chance to deal DMG equal to 1 stack of Electrocution
+3 / +4 / +6 / +8 Lightning DMG",,,,,,"Grants Meteor Shower skill: randomly drops 20 / 25 / 30 / 35 / +25 meteors in the casting area, dealing 22 + 50% / 100% / 180% / 200% Fire DMG",,,,
,,,,,,,,,,,,,,,,,,,,,,,,,,,,,,,,,,,,,,,,,,,,,,,,,,,,,,,,,,,,,,,,,,,,,,,,,,,,,,,,,,,,,,,,,,,,,,,,,,,,,,,,,,,,,,,,,,,,,,,,,,
,There once were those who tried to survive major floods by tying up their boats.,,,,,,"Flowers exist in the heavens, on the surface of the earth, and even underground.",,,,,,Bread filled with custard. You need to eat it quick before it all spills out.,,,,,,Conceals one's fur to enable faster movement... Or at least that's what it makes you think.,,,,,,"Hopefully, a strong soul fills this body.",,,,,,,A substance that glows in the dark and embodies the desires of the guardian.,,,,,,A sophisticated blade that does not hinder its bearer's movements.,,,,,,Recites incantations anytime the conch desires to do so.,,,,,,It was made for a ritual and not to open locks.,,,,,,"For some reason, chewing on this fruit quenches you of your thirst.",,,,,,,It negates about half of something that should have never happened.,,,,,,"Created to help the mages, it requires concentration to use it to communicate.",,,,,,An object used by a cowardly bird as a means of showing off.,,,,,,Get what you want on your own.,,,,,,A tool invented to see something floating in the sky.,,,,,,,"Tried to mimic the power of the white crystal, but I got stuck to the original. Ended up creating a shadow. - Khael",,,,,,Be ready for danger.,,,,,,You should slowly wind the spring to the right until you feel resistance.,,,,,,An engineering tool created to chase thunderclouds.,,,,,,A book containing a Meteor Shower spell.,,,,
,Common Artifact,,,,,,Common Artifact,,,,,,Common Artifact,,,,,,Common Artifact,,,,,,Common Artifact,,,,,,,"Advanced Artifact
Sword and Shield Exclusive",,,,,,"Advanced Artifact
Sword and Shield Exclusive",,,,,,Advanced Artifact,,,,,,Advanced Artifact,,,,,,Advanced Artifact,,,,,,,Rare Artifact,,,,,,"Rare Artifact
Sword and Shield Exclusive",,,,,,Rare Artifact,,,,,,Rare Artifact,,,,,,Rare Artifact,,,,,,,Legendary Artifact,,,,,,Legendary Artifact,,,,,,Legendary Artifact,,,,,,Legendary Artifact,,,,,,Legendary Grimoire,,,,
,,,,,,,,,,,,,,,,,,,,,,,,,,,,,,,,,,,,,,,,,,,,,,,,,,,,,,,,,,,,,,,,,,,,,,,,,,,,,,,,,,,,,,,,,,,,,,,,,,,,,,,,,,,,,,,,,,,,,,,,,,
,Silver Plate,,,,,,Kriton's Seal,,,,,,Green Sawblade,,,,,,Ohia Lehua,,,,,,Tainted Bandage,,,,,,,Sharp Acorn,,,,,,Mini Ballista,,,,,,Leaf Bird Leather,,,,,,Sharp Flint,,,,,,Amber,,,,,,,White Eggshell,,,,,,Blood Stone Ring,,,,,,Pouch of Black Tea,,,,,,Ball of Red Yarn,,,,,,Alfonso's Horn,,,,,,,Ebony Scale,,,,,,Wings,,,,,,Blue Claw,,,,,,Cintamani Stone,,,,,,Judgement of Thunder,,,,
,★★,,,,,,★★,,,,,,,,,,,,★★,,,,,,★★★,,,,,,,★★★,,,,,,★★★★,,,,,,★★★,,,,,,★★★,,,,,,★★★,,,,,,,★★★★,,,,,,★★,,,,,,★★,,,,,,★★★★,,,,,,★★★★★★★,,,,,,,★★★,,,,,,★★★★★,,,,,,★★★,,,,,,,,,,,,★★★★,,,,
,2,,,,,,2,,,,,,0,,,,,,2,,,,,,3,,,,,,,3,,,,,,4,,,,,,3,,,,,,3,,,,,,3,,,,,,,4,,,,,,2,,,,,,2,,,,,,4,,,,,,7,,,,,,,3,,,,,,5,,,,,,3,,,,,,0,,,,,,4,,,,
,,,,,,,,,,,,,,,,,,,,,,,,,,,,,,,,,,,,,,,,,,,,,,,,,,,,,,,,,,,,,,,,,,,,,,,,,,,,,,,,,,,,,,,,,,,,,,,,,,,,,,,,,,,,,,,,,,,,,,,,,,
,,Sturdy,,,[Unique],,,Negotiation,,,,,,Precision,,,[Unique],,,Ember,,,[Unique],,,Precision,,,[Unique],,,,Storm Cloud,,,[Unique],,,Companion,,,[Unique],,,Storm Cloud,,,,,,Elemental,,,[Unique],,,Mystic,,,[Unique],,,,Mystic,,,[Unique],,,Mystic,,,[Unique],,,,,,[Unique],,,Ember,,,[Unique],,,Companion,,,[Unique],,,,Precision,,,[Unique],,,Wind Song,,,[Unique],,,Glacier,,,[Unique],,,Mystic,,,,,,Magitech,,,[Unique]
,,,,,,,,,,,,,,,,,,,,,,,,,,,,,,,,,,,,,,,Storm Cloud,,,,,,,,,,,,,,,,,,,,,,,,,,,,,,,,,,,,,,,,,,,,,,,,,,,,,,,,,,,,,,,,,,,,,,,,,,,,,,,,,,,
,Must be on the lowest slots,,,,,,,,,,,,,,,,,,[2s CD],,,,,,,,,,,,,,,,,,,12s Revive Time,,,,,,[1.2s / 0.9s / 0.8s / 0.6s CD],,,,,,,,,,,,,,,,,,,Does not work on Bosses,,,,,,,,,,,,Only if Artifact is in any player's inventory,,,,,,,,,,,,,,,,,,,,,,,,,,,,,,,,,,,,,,,,,,,24 / 28 / 32 / 36 / 36 MP Cost [25s CD],,,,
,"+3% / +6% / +10% Normal ATK DMG
+3% / +6% / +10% Special ATK DMG",,,,,,+10% / +25% / +50% Leaf Gain,,,,,,"After using 15 MP, gain Sawblade buff: +3% Critical Chance for 20s
(3 Max Stacks)",,,,,,"On Direct ATK or Grimoire hit: 
deal 10 / 20 / 30 Fire DMG to the target",,,,,,"+1% / +3% / +6% / +9% Critical Chance
+1 / +2 / +3 / +3 Physical DMG",,,,,,,"+3% / +6% / +9% / +12% 
Storm Cloud ATK SPD
+3 / +3 / +6 / +6 Evasion",,,,,,"Summons Mini Ballista: fires 1 / 3 / 5 / 5 / 5 lightning arrows, dealing 
20 Companion DMG with 20% / 34% / 48% / 61% / 75% chance to grant +1 Storm Cloud (150 HP)",,,,,,"On Normal ATK or Dash ATK, 20% / 35% / 55% / 80% chance to use 1 Storm Cloud (Affected by Weighted Activation Probability)
+2% / +2% / +3% / +4% Storm Cloud DMG",,,,,,"+2% / +4% / +6% / +8% Critical Chance
+1 / +2 / +3 / +4 Highest Elemental DMG",,,,,,+10% / +20% / +40% / +80% All DMG to enemies at full HP,,,,,,,"When attacking, instantly kill enemies below 4% / 8% / 12% / 16% / 20% HP",,,,,,"Every 15 / 13 / 10 kills, recover 5 HP",,,,,,"+30% DMG Taken from Mini-bosses
+4% / +8% / +12% All DMG for each Mini-boss defeated (3 Max)",,,,,,+20% / +40% / +60% / +80% / +100% Burn DMG,,,,,,"+1 / +2 / +3 / +4 / +5 / +6 / +8 / +10 Evasion
+10% / +20% / +30% / +40% / +50% / +60% / +70% / +80% Companion DMG",,,,,,,+1% / +1.5% / +2% / +2.5% Critical Chance for each Tablet in the inventory,,,,,,"For every 25% / 20% / 15% / 9% / 6% / 5% ATK SPD, +1% All DMG
+3% / +6% / +9% / +12% / +15% / +18% ATK SPD",,,,,,"On Frostbite, 30% / 40% / 50% / 60% chance to apply it an additional time
+2 / +4 / +6 / +9 Cold DMG
+5 / +10 / +15 / +20 Max MP",,,,,,"When fatal damage is taken, destroys itself and grants the following effects: recover 50% HP and give +3 to the inventory slot this item was on",,,,,,"Grants Judgement of Thunder skill: emit a massive beam, hitting 10 times and dealing 12 + 100% / 120% / 140% / 160% / 180% Lightning DMG each",,,,
,,,,,,,,,,,,,,,,,,,,,,,,,,,,,,,,,,,,,,,,,,,,,,,,,,,,,,,,,,,,,,,,,,,,,,,,,,,,,,,,,,,,,,,,,,,,,,,,,,,,,,,,,,,,,,,,,,,,,,,,,,
,Blood is the key.,,,,,,Subject to so much overuse in the tower it almost became a form of currency.,,,,,,It is imbued with a spell that makes it spin on its own when stuck to a surface.,,,,,,Picking this flower will make it rain.,,,,,,They danced like the smoke.,,,,,,,Fruit loved by a tribe with the ability to control lightning.,,,,,,"Just as some dream to be bigger, there are those who dream to be smaller.",,,,,,Unique looking leather from an unknown creature.,,,,,,An object that isn't frequently used in town.,,,,,,It contains something that is trying to escape.,,,,,,,It's so old that it makes cracking sounds.,,,,,,It conveys the pulse of life.,,,,,,You shouldn't put the whole bag in the water just because you don't feel like removing the tea leaves!,,,,,,One entrance and one exit.,,,,,,Fallen souls flock to where the great warrior left their mark.,,,,,,,No one knows which animal this scale came from.,,,,,,Wings woven from clouds by magic.,,,,,,The claw of a dragon that once held the chill. It flares red when angered.,,,,,,"Wicked deeds, begone. Malevolent spirits, be banished.",,,,,,A book containing a Judgement of Thunder spell.,,,,
,Common Artifact,,,,,,Common Artifact,,,,,,Common Artifact,,,,,,Common Artifact,,,,,,Common Artifact,,,,,,,Advanced Artifact,,,,,,Advanced Companion,,,,,,Advanced Artifact,,,,,,Advanced Artifact,,,,,,Advanced Artifact,,,,,,,Rare Artifact,,,,,,Rare Artifact,,,,,,Rare Artifact,,,,,,Rare Artifact,,,,,,Rare Artifact,,,,,,,Legendary Artifact,,,,,,Legendary Artifact,,,,,,Legendary Artifact,,,,,,Legendary Artifact,,,,,,Legendary Grimoire,,,,
,,,,,,,,,,,,,,,,,,,,,,,,,,,,,,,,,,,,,,,,,,,,,,,,,,,,,,,,,,,,,,,,,,,,,,,,,,,,,,,,,,,,,,,,,,,,,,,,,,,,,,,,,,,,,,,,,,,,,,,,,,
,Golden Maple Leaf,,,,,,Lightning-Struck Branch,,,,,,Straw Doll,,,,,,Frostium Ring,,,,,,Snowflake Necklace,,,,,,,Dragoncense,,,,,,Oak Tree Coal,,,,,,Yellow Planet,,,,,,Red Planet,,,,,,Sky Blue Planet,,,,,,,Voluspa,,,,,,Flame Herb Root,,,,,,Magic Glasses,,,,,,Fluffy Fur Gloves,,,,,,Feet of the Ice Gull,,,,,,,Beast's Heart,,,,,,Six-leaf Clover,,,,,,Scythe of Berut,,,,,,Mining Supervisor Armband,,,,,,Rainbow Feather,,,,
,,,,,,,★★,,,,,,★★,,,,,,★★,,,,,,★★,,,,,,,★★★★,,,,,,★★★★,,,,,,★★★★★★,,,,,,★★★★★★,,,,,,★★★★★,,,,,,,★★★★★,,,,,,★★,,,,,,★★★,,,,,,★★★★,,,,,,★★★,,,,,,,★★★★,,,,,,★★★,,,,,,★★★,,,,,,★★★★,,,,,,★★,,,,
,0,,,,,,2,,,,,,2,,,,,,2,,,,,,2,,,,,,,4,,,,,,4,,,,,,6,,,,,,6,,,,,,5,,,,,,,5,,,,,,2,,,,,,3,,,,,,4,,,,,,3,,,,,,,4,,,,,,3,,,,,,3,,,,,,4,,,,,,2,,,,
,,,,,,,,,,,,,,,,,,,,,,,,,,,,,,,,,,,,,,,,,,,,,,,,,,,,,,,,,,,,,,,,,,,,,,,,,,,,,,,,,,,,,,,,,,,,,,,,,,,,,,,,,,,,,,,,,,,,,,,,,,
,,Negotiation,,,[Unique],,,Magitech,,,[Unique],,,Lake,,,,,,Glacier,,,[Unique],,,Glacier,,,[Unique],,,,Ember,,,,,,Ember,,,,,,Planet,,,[Unique],,,Planet,,,[Unique],,,Planet,,,[Unique],,,,Frost Relic,,,[Unique],,,Ember,,,[Unique],,,Shadow,,,,,,Glacier,,,[Unique],,,Glacier,,,[Unique],,,,Guardian,,,[Unique],,,Shadow,,,[Unique],,,Precision,,,[Unique],,,Companion,,,[Unique],,,Wind Song,,,[Unique]
,,,,,,,,,,,,,,,,,,,,,,,,,,,,,,,,,,,,,,,,,,,,,,,,,,,,,,,,,,,,,,,,,,,,,,,,,,,,,,,,,,,,,,,,,,,,,,,,,,,,,,,,,,,,,,,,,,,,,,,,,,
,,,,,,,[2s CD],,,,,,,,,,,,[2s CD],,,,,,,,,,,,,,,,,,,,,,,,,,,,,,,,,,,,,,,,,,,,[6s CD],,,,,,,,,,,,,,,,,,,,,,,,,,,,,,,,,,,,,,,,,,,,,,,,,20s Revive Time,,,,,,,,,,
,+10% EXP Drop,,,,,,"On Direct ATK or Grimoire hit: 
deal 10 / 20 / 30 Lightning DMG to the target",,,,,,"+3 / +6 / +9 MP Regen
+2% / +3% / +5% Critical DMG",,,,,,"On Direct ATK or Grimoire hit: 
deal 10 / 20 / 30 Cold DMG to the target",,,,,,"-5% / -10% / -15% Move SPD to 
enemies with Frostbite
+1 / +3 / +5 Cold DMG
+1% / +3% / +5% Move SPD",,,,,,,+2 / +4 / +6 / +8 / +10 Fire DMG,,,,,,+10% / +20% / +30% / +40% / +50% Burn ATK SPD,,,,,,"Summons Yellow Planet: shoots a bouncing physical projectile, dealing 20 / 26 / 32 / 38 / 45 / 52 / 60 Physical DMG",,,,,,"Summons Red Planet: shoot fire missiles, dealing 26 / 31 / 36 / 42 / 48 / 54 / 60 Fire DMG",,,,,,"Summons Sky Blue Planet: fires lightning lasers, dealing 30 / 40 / 45 / 50 / 45 / 60 Lightning DMG",,,,,,,"Grants Voluspa: 1 / 1 / 1 / 1 / 1 / 2 Ice Spears flies into enemies, dealing 20 + 100% / 140% / 180% / 220% / 260% / 155% Cold DMG",,,,,,"On Fury Hit, cause an explosion and dealing 200% / 400% / 600% Fire DMG
+6 / +12 / +20 Max MP",,,,,,"+3 / +6 / +9 / +12 Evasion
+7 / +14 / +22 / +30 Max MP",,,,,,Frostbitten enemies take +5% / +10% / +15% / +20% / +25% Cold DMG (Companion included),,,,,,"On inflicting Frostbite, gain 1 stack of Frozen Touch: +1 Cold DMG for 7s
(5 / 10 / 15 / 20 Max Stacks)",,,,,,,"+4 / +8 / +12 / +16 / +20 DEF
+2% / +4% / +6% / +8% / +10% All DMG
+2 / +2 / +4 / +4 / +6 Luck",,,,,,"+3 / +6 / +9 / +12 Evasion 
+3 / +6 / +9 / +12 Luck
+2% / +4% / +6% / +8% Critical Chance
+1 / +1 / +2 / +2 True DMG",,,,,,"Critical Chance above 100% is converted to chance for Execution: deals double Critical Damage
+2.5% / +5% / +7.5% / +10% Critical Chance",,,,,,"Summons Mole Chief: deals 40 / 80 / 120 / 160 / 200 Companion DMG 
(2880 / 3360 / 3840 / 4320 / 4800 HP)",,,,,,"On Trance gain, acquire 0 / 0 / 1 additional Trance 
+3% / +6% / +10% ATK SPD
+5% / +5% / +10% Dash Recovery SPD",,,,
,,,,,,,,,,,,,,,,,,,,,,,,,,,,,,,,,,,,,,,,,,,,,,,,,,,,,,,,,,,,,,,,,,,,,,,,,,,,,,,,,,,,,,,,,,,,,,,,,,,,,,,,,,,,,,,,,,,,,,,,,,
,A commemorative coin made by the Merchant Guild,,,,,,It has a heavy and peculiar smell.,,,,,,It feels refreshing when you give it a massage.,,,,,,A ring crafted from materials harvested from the heart of Ice Canyon.,,,,,,Inspired by the simplest pattern found in falling snow.,,,,,,,A chunk of hardened dragon saliva.,,,,,,"The wood as fuel, the leaves as insoles.",,,,,,A yellow planet model displayed in the library. It was made in the past by those who looked beyond the skies.,,,,,,A red planet model displayed in the library. It was made in the past by those who looked beyond the skies.,,,,,,A sky blue planet model displayed in the library. It was made in the past by those who looked beyond the skies.,,,,,,,"At one time, these earrings posed many questions.",,,,,,A strange root from a plant that ignotes on contact.,,,,,,"Wearing the glasses reveals a wise puppy. It doesn't help, though.",,,,,,It's for friends who used to live in warm places. Isn't the mix of colors pretty? - Salon,,,,,,"Water, wind, and air created this eerie piece.",,,,,,,"A device for creating mechanical dolls modeled after animals. It seems sturdy, but be cautious as it is hollow inside.",,,,,,Said to be the special one among countless clovers beneath a large lily of the valley.,,,,,,"There is no evil, only actions born from ignorance.",,,,,,Only one mole can wear this armband.,,,,,,Occasionally carried by the wind when a rainbow appears.,,,,
,Common Artifact,,,,,,Common Artifact,,,,,,Common Artifact,,,,,,Common Artifact,,,,,,Common Artifact,,,,,,,Advanced Artifact,,,,,,Advanced Artifact,,,,,,Advanced Artifact,,,,,,Advanced Artifact,,,,,,Advanced Artifact,,,,,,,Rare Artifact,,,,,,"Rare Artifact
Dagger Exclusive",,,,,,Rare Artifact,,,,,,Rare Artifact,,,,,,Rare Artifact,,,,,,,Legendary Artifact,,,,,,Legendary Artifact,,,,,,Legendary Artifact,,,,,,Legendary Companion,,,,,,"Legendary Artifact
Dagger Exclusive",,,,
,,,,,,,,,,,,,,,,,,,,,,,,,,,,,,,,,,,,,,,,,,,,,,,,,,,,,,,,,,,,,,,,,,,,,,,,,,,,,,,,,,,,,,,,,,,,,,,,,,,,,,,,,,,,,,,,,,,,,,,,,,
,Cloth Armor,,,,,,Begonia Sachet,,,,,,Ashen Planet,,,,,,Charm of Lightning,,,,,,Blessing,,,,,,,Discarded Golden Ring,,,,,,Balisong,,,,,,Neutralizer Noir,,,,,,Helena's Model Stairway,,,,,,Cloud Seed Arrowhead,,,,,,,Clear Cube,,,,,,Pan Lid,,,,,,"Hiring Crest ""Collin""",,,,,,Frozen Heart,,,,,,Reloading Wooden Crate,,,,,,,Mystical Pendulum,,,,,,Impact Amplifier,,,,,,Meteorite Earrings,,,,,,Solis Dekri,,,,,,Ice Wings,,,,
,★,,,,,,★,,,,,,★★★★★,,,,,,★★★,,,,,,★★,,,,,,,★★,,,,,,★★★,,,,,,★★★,,,,,,★★★★★,,,,,,★★★★★,,,,,,,★★★★,,,,,,★★★★★,,,,,,★★,,,,,,★★★★★★★,,,,,,★★★★,,,,,,,★★★★,,,,,,★★★★★★★★★★★★★★,,,,,,★★,,,,,,★★★★★★,,,,,,★★★★★★,,,,
,1,,,,,,1,,,,,,5,,,,,,3,,,,,,2,,,,,,,2,,,,,,3,,,,,,3,,,,,,5,,,,,,5,,,,,,,4,,,,,,5,,,,,,2,,,,,,7,,,,,,4,,,,,,,4,,,,,,14,,,,,,2,,,,,,6,,,,,,6,,,,
,,,,,,,,,,,,,,,,,,,,,,,,,,,,,,,,,,,,,,,,,,,,,,,,,,,,,,,,,,,,,,,,,,,,,,,,,,,,,,,,,,,,,,,,,,,,,,,,,,,,,,,,,,,,,,,,,,,,,,,,,,
,,Guardian,,,,,,Sturdy,,,,,,Planet,,,[Unique],,,Magitech,,,,,,,,,[Unique],,,,Sturdy,,,[Unique],,,Precision,,,[Unique],,,Curse,,,,,,Wind Song,,,[Unique],,,Storm Cloud,,,,,,,Wind Song,,,,,,Guardian,,,[Unique],,,Companion,,,[Unique],,,Frost Relic,,,,,,Sturdy,,,[Unique],,,,Sturdy,,,[Unique],,,Mystic,,,[Unique],,,Solar Blade,,,[Unique],,,Solar Blade,,,[Unique],,,Frost Relic,,,[Unique]
,,,,,,,,,,,,,,,,,,,,,,,,,,,,,,,,,,,,,,,,,,,,,,,,,,,,,,,,,,,,,,,,,,,,,,,,,,,,,,,,,,,,,,,,,,,,,,,,,,,,,,,,,,,,,,,,,,,,,,,,,,
,,,,,,,,,,,,,,,,,,,,,,,,,16 / 13 / 10 MP Cost [20s CD],,,,,,,,,,,,,,,,,,,,,,,,,,,,,,,,,,,,,,,,,,,,,,,,,,18s Revive Time,,,,,,,,,,,,,,,,,,,,,,,,,yes this really is a 14 star artifact,,,,,,,,,,,,,,,,,,,,,,
,+3 / +6 DEF,,,,,,+5 / +10% Normal ATK DMG,,,,,,"Summons a Gray Planet: shoots ice projectiles, dealing 15 / 20 / 25 / 
30 / 35 / 40 Cold DMG",,,,,,+3 / +4 / +6 / +8 Lightning DMG,,,,,,"Grants Blessing spell: on use, give +5% DMG buff for 12s",,,,,,,"+10% / +20% / +30% Special ATK Range
After killing 40 enemies with Special ATK, evolve into Absolute Ring",,,,,,+6% / +8% / +11% / +14% All DMG to enemies within 2.5 tiles,,,,,,"+4% / +8% / +12% / +16% Debuff DMG
-10% / -10% / -6% / -6% Critical Chance",,,,,,"When moving to a new floor, grants +10% / +14% / +18% / +22% / +26% / +30% Move SPD and +10% / +14% / +16% / +20% / +25% / +30% ATK SPD for 90s",,,,,,Storm Clouds have 5% / 10% / 15% / 23% / 35% / 50% chance to become Enhanced Storm Cloud: deals double damage,,,,,,,"+1 / +1 / +2 / +2 / +3 True DMG
+5% / +6% / +7% / +9% / +12% Move SPD
+5% / +6% / +7% / +9% / +12% ATK SPD",,,,,,"+2 / +4 / +6 / +8 / +11 / +15 MP Regen
+1 / +2 / +3 / +4 / +5 / +6 Evasion
On Physical Critical Hit, gain Endure:
+3 DEF for 6s (3 Max Stacks)",,,,,,"Summons Collin: melee attack nearby enemies, dealing 18 / 22 / 28 Companion DMG (240 / 264 / 288 HP)",,,,,,+10% / +18% / +26% / +40% / +55% / +70% / +85% / +100% Frost Relic Charge SPD,,,,,,+0 / +1 / +1 / +1 / +2 Magazine Count,,,,,,,"+22% / +26% / +32% / +40% / +50% Normal ATK DMG
-10% ATK SPD",,,,,,+1 / +1 / +1 / +2 / +2 / +3 / +4 / +4 / +5 / +6 / +7 / +8 / +9 / +12 / +14 True DMG,,,,,,"Solar Blades land nearby after they are thrown, making them easier to collect
+5% / +10% / +15% Solar Blade DMG
+2 / +4 / +7 Fire DMG",,,,,,"+2% / +4% / +6% / +8% / +10% / +12% / +14% Solar Blade Ignore DEF
+5% / +10% / +15% / +22% / +30% / +40% / +50% Solar Blade Critical Chance",,,,,,"Frost Relics activate 0 / 0 / 0 / 
1 / 1 / 1 / 2 additional time(s)
-0% / -0% / -0% / -10% / 
-10% / -10% / -20% Frost Relic DMG
+2% / +4% / +6% / +8% / +10% / 
+12% / +20% Critical DMG",,,,
,,,,,,,,,,,,,,,,,,,,,,,,,,,,,,,,,,,,,,,,,,,,,,,,,,,,,,,,,,,,,,,,,,,,,,,,,,,,,,,,,,,,,,,,,,,,,,,,,,,,,,,,,,,,,,,,,,,,,,,,,,
,The thick material provides warmth even to animals that don't need it.,,,,,,"When placed in your bag, it emits a natural floral scent.",,,,,,An ashen planet model displayed in the library. It was made in the past by those who looked beyond the skies.,,,,,,Quells the bearer's explosive rage.,,,,,,A book containing a Blessing spell.,,,,,,,A ring that once was enough to bestow blessings on someone.,,,,,,A peculiarly shaped blade named after a village.,,,,,,A potion frequently used by animals that have mastered alchemy. The addition of a special ingredient has made it murky.,,,,,,A staircase surrounding the tower is needed to avoid being trapped.,,,,,,"It is said that if you shoot it into the clouds, it will make it rain.",,,,,,,It often falls to the ground when equipment is dismantled into materials. Some call it the crystal of memory.,,,,,,Often used as a shield in a pinch.,,,,,,"I received it from my mentor. Once the contract ends, the name will be automatically erased. - Collin",,,,,,"When the time comes, a pulse begins in the heart.",,,,,,A device pre-loaded with bolts for faster reloading.,,,,,,,It is enchanted to mimic the weight of the item placed on the opposite side of the scale.,,,,,,"Once used for different purposes, it is now used to break hard-to-break stones.",,,,,,"Although meteorite has no attraction power, it is crafted to seem as if it does.",,,,,,A double-edged sword-shaped badge awarded to those naturally followed by spirits.,,,,,,These are the wings of an ancient ice spirit. The wings never drift apart or come closer together.,,,,
,Common Artifact,,,,,,Common Artifact,,,,,,Common Artifact,,,,,,Common Artifact,,,,,,Common Grimoire,,,,,,,"Advanced Artifact
Greatsword Exclusive",,,,,,Advanced Artifact,,,,,,Advanced Artifact,,,,,,Advanced Artifact,,,,,,Advanced Artifact,,,,,,,Rare Artifact,,,,,,Rare Artifact,,,,,,"Rare Companion
Purchased from NPC Collin Only",,,,,,Rare Artifact,,,,,,"Rare Artifact
Crossbow Exclusive",,,,,,,Legendary Artifact,,,,,,Legendary Artifact,,,,,,Legendary Artifact,,,,,,Legendary Artifact,,,,,,Legendary Artifact,,,,
,,,,,,,,,,,,,,,,,,,,,,,,,,,,,,,,,,,,,,,,,,,,,,,,,,,,,,,,,,,,,,,,,,,,,,,,,,,,,,,,,,,,,,,,,,,,,,,,,,,,,,,,,,,,,,,,,,,,,,,,,,
,Mage's Coin,,,,,,Fire Bolt,,,,,,Lightning Bolt,,,,,,Ice Bolt,,,,,,Barrier,,,,,,,Blue Ink Bottle,,,,,,Golden Cloak,,,,,,Captivating Lure,,,,,,Echo of the Glacier,,,,,,Scrap of Red Cloth,,,,,,,Brass Mirror Fragment,,,,,,Bucket of Plump Berries,,,,,,Bicorn Pipe,,,,,,Jeweled Armor,,,,,,Glowing Hourglass,,,,,,,Bloodstone Earrings,,,,,,Blue Wrist Guard,,,,,,,,,,,,,,,,,,,,,,
,★★,,,,,,★,,,,,,★,,,,,,★,,,,,,★,,,,,,,★★★,,,,,,★★,,,,,,★★,,,,,,★★★,,,,,,★★★,,,,,,,★★★,,,,,,★,,,,,,★★★★★,,,,,,★★,,,,,,★★★,,,,,,,★★★,,,,,,★★★★★,,,,,,,,,,,,,,,,,,,,,,
,2,,,,,,1,,,,,,1,,,,,,1,,,,,,1,,,,,,,3,,,,,,2,,,,,,2,,,,,,3,,,,,,3,,,,,,,3,,,,,,1,,,,,,5,,,,,,2,,,,,,3,,,,,,,3,,,,,,5,,,,,,,,,,,,,,,,,,,,,,
,,,,,,,,,,,,,,,,,,,,,,,,,,,,,,,,,,,,,,,,,,,,,,,,,,,,,,,,,,,,,,,,,,,,,,,,,,,,,,,,,,,,,,,,,,,,,,,,,,,,,,,,,,,,,,,,,,,,,,,,,,
,,Academy,,,[Unique],,,Ember,,,[Unique],,,Magitech,,,[Unique],,,Glacier,,,[Unique],,,Guardian,,,[Unique],,,,Curse,,,,,,Wind Song,,,[Unique],,,Lake,,,[Unique],,,Glacier,,,[Unique],,,Curse,,,[Unique],,,,Sturdy,,,[Unique],,,Lake,,,[Unique],,,Academy,,,[Unique],,,Academy,,,[Unique],,,Academy,,,,,,,,,,[Unique],,,Sturdy,,,[Unique],,,,,,,,,,,,,,,,,,
,,,,,,,,,,,,,,,,,,,,,,,,,,,,,,,,,,,,,,,,,,,,,Elemental,,,,,,,,,,,,,,,,,,,,,,,,,,,,,,,,,,,,,,,,,,,,,,,,,,,,,,,,,,,,,,,,,,,,,,,,,,,,,
,,,,,,,2 MP Cost [1s CD],,,,,,2 MP Cost [1s CD],,,,,,2 MP Cost [1s CD],,,,,,20 / 12 MP Cost [20s CD],,,,,,,Must be placed on the edges [0.4s CD],,,,,,,,,,,,,,,,,,,,,,,,,,,,,,,,,,,,,[30s CD],,,,,,,,,,,,,,,,,,,,,,,,,,,,,,,,,,,,,,,,,,,,,,,,,,,,,
,"+50% Chance for Grimoire to appear as an artifact reward
+15 / +20 / +30 Grimoire Haste",,,,,,"Grants Fire Bolt spell: on use, hurls a small flame projectile that 
deals 25 / 28 + 50% / 80% Fire DMG",,,,,,"Grants Lightning Bolt spell: on use, shoots a lightning projectile that deals 
20 / 22 + 40% / 60% Lightning DMG and also zaps nearby enemies",,,,,,"Grants Ice Bolt spell: on use, shoot 2 ice shots that deal 14 / 16 + 
20% / 30% Cold DMG each",,,,,,"Grants Barrier spell: 
on use, give +12 Barrier for 6s",,,,,,,"On debuff, +20% / +30% / +40% / +50% chance to also apply it on a nearby enemy",,,,,,"+1 / +1 / +2 Dash Count
+3% / +6% / +9% ATK SPD",,,,,,"+3 / +5 / +8 MP Regen 
+1 / +1 / +2 Fire DMG
+1 / +1 / +2 Cold DMG
+1 / +1 / +2 Lightning DMG
+1 / +1 / +2 Physical DMG",,,,,,"Inflicts Frostbite to enemies within 5 tiles every 5s / 4s / 3s / 2.5s
+3 / +6 / +10 / +10 DEF",,,,,,"For each debuff on an enemy, 
+4% / +5% / +7% / +10% All DMG",,,,,,,-20% / -30% / -40% / -50% Special ATK MP Cost,,,,,,"Recover 50% / 100% MP on use
Reduce cooldown by 3% for each MP Regen point
Formula: [30s / (1 + 0.03xMPRegen)]",,,,,,"Splits each Bolt Spell projectiles into 3, -69% / -63% / -57% / -51% / -45% / -39% Bolt Spell DMG and +0% / +25% / +50% / +75% / +100% / +125% Bolt MP Cost",,,,,,"+10% / +20% / +30% Grimoire Critical Chance
+4 / +6 / +8 MP Regen
-3 / -5 / -7 Physical DMG",,,,,,+30% / +60% / +100% / +140% Grimoire Haste of Grimoire in the right slot of this artifact,,,,,,,"+8 HP Steal
-30 / -25 / -20 / -10 DEF",,,,,,+7% / +14% / +21% / +28% / +35% / +42% Special ATK DMG,,,,,,,,,,,,,,,,,,,,,,
,,,,,,,,,,,,,,,,,,,,,,,,,,,,,,,,,,,,,,,,,,,,,,,,,,,,,,,,,,,,,,,,,,,,,,,,,,,,,,,,,,,,,,,,,,,,,,,,,,,,,,,,,,,,,,,,,,,,,,,,,,
,Used as playthings once upon a time. They are imbued with magic and can fall on whichever side its owner wishes.,,,,,,A book containing a Fire Bolt spell.,,,,,,A book containing a Lightning Bolt spell.,,,,,,A book containing a Ice Bolt spell.,,,,,,A book containing a Barrier spell.,,,,,,,"If you put ink in this bottle, the ink will disappear after a few days.",,,,,,Why is this cloak golden even on the inside?,,,,,,A quirky wizard made this to summon fish familiars.,,,,,,"On a snow-covered island, the ancestors are said to still lie in slumber.",,,,,,A piece of red cloth carried by fanatics.,,,,,,,"Brimming with desires from the past, these broken fragments are wrapped in cloth and passed down from one owner to the next.",,,,,,You can fit more water than it seems.,,,,,,It was modeled after the horns of a mythical race.,,,,,,Used for ceremonial purposes. It's quite small in size.,,,,,,A soft light emanates from the sand.,,,,,,,"On the way home yesterday, someone in a robe gifted this to me. Isn't it pretty?",,,,,,One of many failed attempts created to slow down time.,,,,,,,,,,,,,,,,,,,,,,
,Common Artifact,,,,,,Common Grimoire,,,,,,Common Grimoire,,,,,,Common Grimoire,,,,,,Common Grimoire,,,,,,,Advanced Artifact,,,,,,Advanced Artifact,,,,,,Advanced Artifact,,,,,,Advanced Artifact,,,,,,Advanced Artifact,,,,,,,"Rare Artifact
Crossbow Exclusive",,,,,,"Rare Artifact
Crossbow Exclusive",,,,,,Rare Artifact,,,,,,Rare Artifact,,,,,,Rare Artifact,,,,,,,Legendary Artifact,,,,,,Legendary Artifact,,,,,,,,,,,,,,,,,,,,,,
,,,,,,,,,,,,,,,,,,,,,,,,,,,,,,,,,,,,,,,,,,,,,,,,,,,,,,,,,,,,,,,,,,,,,,,,,,,,,,,,,,,,,,,,,,,,,,,,,,,,,,,,,,,,,,,,,,,,,,,,,,
,Smoke Screen,,,,,,Enhancement Potion Cap,,,,,,Solis Fracto,,,,,,Eternal Furnace,,,,,,,,,,,,,Flaming Eye Patch,,,,,,White Cape,,,,,,Spiny Shell,,,,,,Silver Bracelet,,,,,,Kaleidoscope,,,,,,,Rain of Arrows,,,,,,Dull Bell,,,,,,Sword Earrings,,,,,,Ice Vine,,,,,,Banner of Encouragement,,,,,,,,,,,,,,,,,,,,,,,,,,,,,,,,,,,
,,,,,,,,,,,,,★★,,,,,,★★,,,,,,,,,,,,,★★,,,,,,★★★★★,,,,,,★★,,,,,,★★★,,,,,,★★★★,,,,,,,★★★,,,,,,★★,,,,,,★★★,,,,,,★★,,,,,,★★,,,,,,,,,,,,,,,,,,,,,,,,,,,,,,,,,,,
,0,,,,,,0,,,,,,2,,,,,,2,,,,,,,,,,,,,2,,,,,,5,,,,,,2,,,,,,3,,,,,,4,,,,,,,3,,,,,,2,,,,,,3,,,,,,2,,,,,,2,,,,,,,,,,,,,,,,,,,,,,,,,,,,,,,,,,,
,,,,,,,,,,,,,,,,,,,,,,,,,,,,,,,,,,,,,,,,,,,,,,,,,,,,,,,,,,,,,,,,,,,,,,,,,,,,,,,,,,,,,,,,,,,,,,,,,,,,,,,,,,,,,,,,,,,,,,,,,,
,,Shadow,,,[Unique],,,Mystic,,,[Unique],,,Solar Blade,,,,,,Solar Blade,,,[Unique],,,,,,,,,,Ember,,,[Unique],,,Mystic,,,,,,Guardian,,,[Unique],,,Wind Song,,,,,,Precision,,,,,,,Glacier,,,[Unique],,,Curse,,,[Unique],,,Precision,,,[Unique],,,Glacier,,,[Unique],,,Wind Song,,,,,,,,,,,,,,,,,,,,,,,,,,,,,,,,,,
,,,,,,,,,,,,,,,,,,,,,,,,,,,,,,,,,,,,,,,,,,,,,,,,,,,,,,,,,,,,,,,,,,,,,,,,,,,,,,,,,,,,,,,,,,,,,,,,,,,,,,,,,,,,,,,,,,,,,,,,,,
,24 MP Cost [30s CD],,,,,,,,,,,,,,,,,,,,,,,,,,,,,,,,,,,,,,,,,,,,,,,,,,,,,,,,,,,,,,22 / 24 / 26 / 28 MP Cost (16s CD),,,,,,Works on Bosses,,,,,,,,,,,,[0.8s CD],,,,,,[30s CD],,,,,,,,,,,,,,,,,,,,,,,,,,,,,,,,,,,
,"Grants Smoke Screen spell: 
on use, create a smokescreen that evade the next 3 hits taken while inside, disappears after 10s",,,,,,"While at or below 30% HP, 
+30% Healing Received from HP Potions",,,,,,"+2 / +3 / +5 Fire DMG
+2 / +4 / +6 Max HP",,,,,,"+1 Solar Blade every 10s / 8s / 5s
+1% / +2.5% / +5% Critical Chance",,,,,,,,,,,,,"+11% / +22% / +33% Fire Critical DMG
+2% / +4% / +6% ATK SPD
(Companion included)",,,,,,+30% / +60% / +100% / +130% / +160% / +200% duration of self buffs,,,,,,"On hit, deal 150% / 300% / 450% DEF as Physical DMG
+2 / +5 / +10 DEF",,,,,,"+4% / +8% / +12% / +16% ATK SPD
-4% / -6% / -8% / -10% Move SPD",,,,,,"+15% / +25% / +35% / +45% / +55% 
All DMG to enemies with Super Armor",,,,,,,"Grants Rain of Arrows spell: rain down multiple ice arrows at the casting area, dealing 10 / 12 / 14 / 16 + 40% / 70% / 100% / 130% Cold DMG with 66% chance to inflict Frostbite",,,,,,"On Direct ATK, 1% / 2% / 4% chance to inflict Stun",,,,,,"+10% / +16% / +24% / +33% 
Critical DMG
-16 / -13 / -10 / -7 Max MP",,,,,,"On Special ATK, creates an Ice Thorn: travels in a line forward, dealing 
10 + 50% / 90% / 140% Cold DMG and inflict Frostbite",,,,,,"Grants Banner of Encouragement ability: on use, summon a Banner: 
allies within 3 tile range gains
+10% / +20% / +30% ATK SPD",,,,,,,,,,,,,,,,,,,,,,,,,,,,,,,,,,,
,,,,,,,,,,,,,,,,,,,,,,,,,,,,,,,,,,,,,,,,,,,,,,,,,,,,,,,,,,,,,,,,,,,,,,,,,,,,,,,,,,,,,,,,,,,,,,,,,,,,,,,,,,,,,,,,,,,,,,,,,,
,A book containing a Smoke Screen spell.,,,,,,A curious item made from a pharmacist's fatigue and the emotion of dawn.,,,,,,Inefficiently crafted dagger-shaped badge made to win the favor of spirits.,,,,,,A crystal shimmering in the shape of the sun.,,,,,,,,,,,,,An eye patch to see the darkness beyond the flames.,,,,,,A cape that changes color based on its magic attribute. It is made from soft cloth.,,,,,,You must be careful to control your arms so as not to prick yourself.,,,,,,"For the bonds between us.
- 21st Class of Library Assistants",,,,,,A dance of shifting patterns within small orbs.,,,,,,,A book containing a Rain of Arrows spell.,,,,,,A blade with a bell at one end. It was used for rituals.,,,,,,The complete set consists of a pair of sword and shield earrings.,,,,,,An artificially created flower. It doesn't melt even in warm places.,,,,,,We are this strong.,,,,,,,,,,,,,,,,,,,,,,,,,,,,,,,,,,,
,Common Grimoire,,,,,,Common Artifact,,,,,,Common Artifact,,,,,,Common Artifact,,,,,,,,,,,,,Advanced Artifact,,,,,,Advanced Artifact,,,,,,Advanced Artifact,,,,,,Advanced Artifact,,,,,,Advanced Artifact,,,,,,,Rare Grimoire,,,,,,Rare Artifact,,,,,,Rare Artifact,,,,,,Rare Artifact,,,,,,Rare Artifact,,,,,,,,,,,,,,,,,,,,,,,,,,,,,,,,,,,
,,,,,,,,,,,,,,,,,,,,,,,,,,,,,,,,,,,,,,,,,,,,,,,,,,,,,,,,,,,,,,,,,,,,,,,,,,,,,,,,,,,,,,,,,,,,,,,,,,,,,,,,,,,,,,,,,,,,,,,,,,
,,,,,,,,,,,,,,,,,,,,,,,,,,,,,,,,Blizzard Hammer,,,,,,Ice Star,,,,,,Phoenix Wing,,,,,,Crossbow Quiver,,,,,,Thrust Manual,,,,,,,Vital Touch,,,,,,Frozen Egg,,,,,,Pointed Club,,,,,,Hand Mirror,,,,,,Kirin's Horn,,,,,,,,,,,,,,,,,,,,,,,,,,,,,,,,,,,
,,,,,,,,,,,,,,,,,,,,,,,,,,,,,,,,★★★★★,,,,,,★★★★★,,,,,,★★,,,,,,★★★,,,,,,,,,,,,,★★★,,,,,,★★★,,,,,,★★,,,,,,★★,,,,,,★★,,,,,,,,,,,,,,,,,,,,,,,,,,,,,,,,,,,
,,,,,,,,,,,,,,,,,,,,,,,,,,,,,,,,5,,,,,,5,,,,,,2,,,,,,3,,,,,,0,,,,,,,3,,,,,,3,,,,,,2,,,,,,2,,,,,,2,,,,,,,,,,,,,,,,,,,,,,,,,,,,,,,,,,,
,,,,,,,,,,,,,,,,,,,,,,,,,,,,,,,,,,,,,,,,,,,,,,,,,,,,,,,,,,,,,,,,,,,,,,,,,,,,,,,,,,,,,,,,,,,,,,,,,,,,,,,,,,,,,,,,,,,,,,,,,,
,,,,,,,,,,,,,,,,,,,,,,,,,,,,,,,,,Frost Relic,,,[Unique],,,Frost Relic,,,[Unique],,,Ember,,,,,,Sturdy,,,[Unique],,,Sturdy,,,[Unique],,,,Sturdy,,,[Unique],,,Glacier,,,[Unique],,,Precision,,,[Unique],,,Guardian,,,[Unique],,,Magitech,,,[Unique],,,,,,,,,,,,,,,,,,,,,,,,,,,,,,,
,,,,,,,,,,,,,,,,,,,,,,,,,,,,,,,,,,,,,,,,,,,,,,,,,,,,,,,,,,,,,,,,,,,,,,,,,,,,,,,,,,,,,,,,,,,,,,,,,,,,,,,,,,,,,,,,,,,,,,,,,,
,,,,,,,,,,,,,,,,,,,,,,,,,,,,,,,,[7s CD],,,,,,,,,,,,[3.5s CD],,,,,,,,,,,,[2s CD],,,,,,,[1s CD],,,,,,,,,,,,,,,,,,[5s CD],,,,,,,,,,,,,,,,,,,,,,,,,,,,,,,,,,,,,,,,,
,,,,,,,,,,,,,,,,,,,,,,,,,,,,,,,,"On Dash, throws a hammer at nearby enemies, dealing 14 + 50% / 100% / 150% / 200% / 250% / 300% Cold DMG",,,,,,"Frost Relics activate 0 / 0 / 0 / 
0 / 0 / 1 additional time
-0% / -0% / -0% / -0% / -0% / -10% 
Frost Relic DMG
+0 / +0 / +1 / +1 / +2 / +2 Luck",,,,,,"Summons 1 / 2 / 3 fire feathers that fly at nearby enemies, inflicting Burn
+2 / +3 / +5 Fire DMG",,,,,,+20 / +40 / +65 / +100 Reload SPD,,,,,,"Enhances Dash ATK, dealing +30% DMG as the highest DMG type",,,,,,,"On Direct ATK, recover 1 HP
-55% / -48% / -40% / -33% Max HP",,,,,,"+5% / +10% / +15% / +20%
Ice Critical Chance 
-9 / -6 / -3 / -0 MP Regen",,,,,,"All ATKs have 10% chance to Miss: -20% All DMG
+20% / +40% / +60% Critical DMG",,,,,,"On Dash, gain +5 / +5 / +10 Barrier for 5s
+3 / +6 / +9 DEF",,,,,,"+10% / +20% / +30% Lightning
Critical Chance (Companion included)
-2 / -4 / -6 Cold DMG",,,,,,,,,,,,,,,,,,,,,,,,,,,,,,,,,,,
,,,,,,,,,,,,,,,,,,,,,,,,,,,,,,,,,,,,,,,,,,,,,,,,,,,,,,,,,,,,,,,,,,,,,,,,,,,,,,,,,,,,,,,,,,,,,,,,,,,,,,,,,,,,,,,,,,,,,,,,,,
,,,,,,,,,,,,,,,,,,,,,,,,,,,,,,,,It is said to have been placed next to a forge that used blue flames.,,,,,,A flower said to only grow in snow-covered lands.,,,,,,"A feather from a unique animal, even in the days when there was a world outside the tower. The warmth never fades.",,,,,,It's made by reinforcing it with light and sturdy wood.,,,,,,The essence of the thrust lies in feeling the connection between points.,,,,,,,To gain something means to lose something else.,,,,,,No one has ever seen its unfrozen form.,,,,,,"Highly effective, but it causes hesitation in the animal that wields it.",,,,,,A tool carried by animals seeking more than just fur grooming.,,,,,,It was covered in leather to prevent it from harming other animals.,,,,,,,,,,,,,,,,,,,,,,,,,,,,,,,,,,,
,,,,,,,,,,,,,,,,,,,,,,,,,,,,,,,,Advanced Artifact,,,,,,Advanced Artifact,,,,,,Advanced Artifact,,,,,,"Advanced Artifact
Crossbow Exclusive",,,,,,"Advanced Artifact
Blade Exclusive",,,,,,,Rare Artifact,,,,,,Rare Artifact,,,,,,Rare Artifact,,,,,,Rare Artifact,,,,,,Rare Artifact,,,,,,,,,,,,,,,,,,,,,,,,,,,,,,,,,,,
,,,,,,,,,,,,,,,,,,,,,,,,,,,,,,,,,,,,,,,,,,,,,,,,,,,,,,,,,,,,,,,,,,,,,,,,,,,,,,,,,,,,,,,,,,,,,,,,,,,,,,,,,,,,,,,,,,,,,,,,,,
,,,,,,,,,,,,,,,,,,,,,,,,,,,,,,,,Thunder's Earring,,,,,,Cloak of Verdant Spirit,,,,,,Lucky Medal,,,,,,Multicolored Candy Glass Jar,,,,,,Counterattack Bracelet,,,,,,,Flame Bug,,,,,,Ice Bug,,,,,,Zap Bug,,,,,,Battle Mage's Gloves,,,,,,Academy Brigandine,,,,,,,,,,,,,,,,,,,,,,,,,,,,,,,,,,,
,,,,,,,,,,,,,,,,,,,,,,,,,,,,,,,,★★★★★,,,,,,★★,,,,,,★★,,,,,,★★★,,,,,,★★,,,,,,,★★★★★,,,,,,★★★★★,,,,,,★★★★★,,,,,,★★★,,,,,,★★★★★,,,,,,,,,,,,,,,,,,,,,,,,,,,,,,,,,,,
,,,,,,,,,,,,,,,,,,,,,,,,,,,,,,,,5,,,,,,2,,,,,,2,,,,,,3,,,,,,2,,,,,,,5,,,,,,5,,,,,,5,,,,,,3,,,,,,5,,,,,,,,,,,,,,,,,,,,,,,,,,,,,,,,,,,
,,,,,,,,,,,,,,,,,,,,,,,,,,,,,,,,,,,,,,,,,,,,,,,,,,,,,,,,,,,,,,,,,,,,,,,,,,,,,,,,,,,,,,,,,,,,,,,,,,,,,,,,,,,,,,,,,,,,,,,,,,
,,,,,,,,,,,,,,,,,,,,,,,,,,,,,,,,,Magitech,,,[Unique],,,Shadow,,,[Unique],,,Negotiation,,,[Unique],,,Elemental,,,[Unique],,,Sturdy,,,[Unique],,,,Ember,,,[Unique],,,Glacier,,,[Unique],,,Magitech,,,[Unique],,,Academy,,,[Unique],,,Guardian,,,[Unique],,,,,,,,,,,,,,,,,,,,,,,,,,,,,,,
,,,,,,,,,,,,,,,,,,,,,,,,,,,,,,,,,,,,,,,,,,,,,,,,,,,,,,,,,,,,,,,,,,,,,,,,,,,,,,,,,,,,,,,,Academy,,,,,,,,,,,,,,,,,,,,,,,,,,,,,,,,,,
,,,,,,,,,,,,,,,,,,,,,,,,,,,,,,,,[4s CD],,,,,,,,,,,,Amount is affected by the Leaf Drop stat,,,,,,[3s CD],,,,,,,,,,,,,,,,,,,,,,,,,,,,,,,,,,,,,,,,,,,,,,,,,,,,,,,,,,,,,,,,,,,,,,,,
,,,,,,,,,,,,,,,,,,,,,,,,,,,,,,,,"Deal 30% Lightning DMG to 
1 / 2 / 2 / 3 / 3 / 4 nearby enemies
+1 / +2 / +3 / +4 / +5 / +6 Lightning DMG",,,,,,"+0 / +1 / +1 Dash Count
+4 / +6 / +8 Evasion
+1% / +2% / +4% Critical Chance",,,,,,"Gain 100 / 150 / 200 Leaf on opening shop (once per merchant)
+2 / +6 / +10 Barter",,,,,,"Gain Elemental Bomb Ability: 
fires 1 / 2 / 3 / 4 Elemental bombs, dealing 100% / 150% / 200% / 250% of Highest Elemental DMG",,,,,,"On Perfect Guard, +4% / +8% / +12% 
All DMG for 7s",,,,,,,+0 / +1 / +1 / +2 / +3 / +4 Burn Stacks,,,,,,+10% / +15% / +20% / +25% / +30% / +40% Freeze DMG,,,,,,"+0 / +1 / +1 / +2 / +2 / +3 
Electrocution Stacks",,,,,,"+10% / +12% / +15% / +20%
Grimoire DMG
+3% / +4% / +5% / +6% Move SPD",,,,,,"+2 / +3 / +4 / +6 / +8 / +10 DEF
+14 / +18 / +20 / +24 / +29 / +35 Grimoire Haste",,,,,,,,,,,,,,,,,,,,,,,,,,,,,,,,,,,
,,,,,,,,,,,,,,,,,,,,,,,,,,,,,,,,,,,,,,,,,,,,,,,,,,,,,,,,,,,,,,,,,,,,,,,,,,,,,,,,,,,,,,,,,,,,,,,,,,,,,,,,,,,,,,,,,,,,,,,,,,
,,,,,,,,,,,,,,,,,,,,,,,,,,,,,,,,Lightweight thanks to new materials developed by the library.,,,,,,"Infused with the energy of nature, move stealthily in verdant places.",,,,,,A token of luck that finds the fallen leaves on the ground.,,,,,,Always kept out of reach from young animals.,,,,,,Never let your guard down.,,,,,,,A bug with the ability to spontaneously combust. It can be tamed.,,,,,,A bug that's really cold to the touch. It can be tamed.,,,,,,A bug that generates electricity. Can be tamed.,,,,,,"Heavy and thick. Likely belonged to a magic warrior, not a battle mage.",,,,,,Armor worn by academy guards.,,,,,,,,,,,,,,,,,,,,,,,,,,,,,,,,,,,
,,,,,,,,,,,,,,,,,,,,,,,,,,,,,,,,Advanced Artifact,,,,,,Advanced Artifact,,,,,,Advanced Artifact,,,,,,Advanced Artifact,,,,,,"Advanced Artifact
Staff Exclusive",,,,,,,Rare Artifact,,,,,,Rare Artifact,,,,,,Rare Artifact,,,,,,Rare Artifact,,,,,,Rare Artifact,,,,,,,,,,,,,,,,,,,,,,,,,,,,,,,,,,,
,,,,,,,,,,,,,,,,,,,,,,,,,,,,,,,,,,,,,,,,,,,,,,,,,,,,,,,,,,,,,,,,,,,,,,,,,,,,,,,,,,,,,,,,,,,,,,,,,,,,,,,,,,,,,,,,,,,,,,,,,,
,,,,,,,,,,,,,,,,,,,,,,,,,,,,,,,,Riposte Staff Fragment,,,,,,Ray's Star Fragment,,,,,,Mouse Mage's Pendant,,,,,,Crabapple Fruit,,,,,,Fire Arrow,,,,,,,Fire Circus,,,,,,Thunder Armor,,,,,,Faultfinder Needle,,,,,,Wanderer's Necklace,,,,,,Stone Spindle Whorl,,,,,,,,,,,,,,,,,,,,,,,,,,,,,,,,,,,
,,,,,,,,,,,,,,,,,,,,,,,,,,,,,,,,★★★★★,,,,,,★★★,,,,,,★,,,,,,★★,,,,,,★★,,,,,,,★★★,,,,,,★★★★,,,,,,★★★★★★,,,,,,★★,,,,,,★★★★,,,,,,,,,,,,,,,,,,,,,,,,,,,,,,,,,,,
,,,,,,,,,,,,,,,,,,,,,,,,,,,,,,,,5,,,,,,3,,,,,,1,,,,,,2,,,,,,2,,,,,,,3,,,,,,4,,,,,,6,,,,,,2,,,,,,4,,,,,,,,,,,,,,,,,,,,,,,,,,,,,,,,,,,
,,,,,,,,,,,,,,,,,,,,,,,,,,,,,,,,,,,,,,,,,,,,,,,,,,,,,,,,,,,,,,,,,,,,,,,,,,,,,,,,,,,,,,,,,,,,,,,,,,,,,,,,,,,,,,,,,,,,,,,,,,
,,,,,,,,,,,,,,,,,,,,,,,,,,,,,,,,,Sturdy,,,[Unique],,,Academy,,,,,,Academy,,,[Unique],,,Academy,,,,,,Ember,,,[Unique],,,,Ember,,,[Unique],,,Magitech,,,[Unique],,,Precision,,,[Unique],,,Wind Song,,,[Unique],,,Lake,,,[Unique],,,,,,,,,,,,,,,,,,,,,,,,,,,,,,,
,,,,,,,,,,,,,,,,,,,,,,,,,,,,,,,,,,,,,,,,,,,,,,,,,,,,,,,,,,,,,,,,,,,,,,,,,,,,,,,,,,,,,,,,,,,,,,,,,,,,,,,,,,,,,,,,,,,,,,,,,,
,,,,,,,,,,,,,,,,,,,,,,,,,,,,,,,,,,,,,,,,,,,,,,,,,,,,,,,,15 / 17 / 19 MP Cost [9s CD],,,,,,,16 / 18 / 19 / 20 MP Cost (10s CD),,,,,,36 / 33 / 30 / 30 / 30 MP Cost (25s CD),,,,,,,,,,,,,,,,,,,,,,,,,,,,,,,,,,,,,,,,,,,,,,,,,,,,,
,,,,,,,,,,,,,,,,,,,,,,,,,,,,,,,,"When hit while blocking, Counter: perform a short-ranged melee attack forward, dealing 100% / 200% / 310% / 440% / 580% / 720% Physical DMG",,,,,,-30% / -35% / -42% / -55% MP Cost of Grimoire in the left slot of this artifact,,,,,,"Bolt Spells homes in on enemies
+2 / +5 MP Regen",,,,,,"+6 / +10 / +14 Grimoire Haste
+5% / +8% / +12% Dash Recovery SPD",,,,,,"Grants Fire Arrow skill: fires 5 flame arrows that pierces through enemies, dealing 18 / 20 / 22 + 120% / 240% / 360% Fire DMG with 2 Burn stacks",,,,,,,"Grants Fire Circus spell: sling 8 fire orbs at the target, dealing 18 + 55% / 75% / 100% / 130% Fire DMG with +10% / +16% / +22% / +30% Critical Chance",,,,,,"Grants Thunder Armor spell: grant an aura for 10s that chains lightning to nearby enemies, dealing 2 / 2 / 2 / 3 / 3 + 60% / 70% / 80% / 95% / 110% 
Lightning DMG 3 times per second",,,,,,"+3% / +6% / +9% / +12% / +15% / 
+18% / +21% Critical Chance",,,,,,"+6% / +12% / +18% ATK SPD
+2 / +4 / +6 Highest Elemental DMG",,,,,,"+6% / +12% / +18% / +24% / +30% 
DMG of MP-Using ATK",,,,,,,,,,,,,,,,,,,,,,,,,,,,,,,,,,,
,,,,,,,,,,,,,,,,,,,,,,,,,,,,,,,,,,,,,,,,,,,,,,,,,,,,,,,,,,,,,,,,,,,,,,,,,,,,,,,,,,,,,,,,,,,,,,,,,,,,,,,,,,,,,,,,,,,,,,,,,,
,,,,,,,,,,,,,,,,,,,,,,,,,,,,,,,,A sophisticated staff fragment that does not hinder its bearer's movements.,,,,,,"A fragment from a hot, bright star.",,,,,,"A necklace used as proof of being a wizard. They tend to vary in shape, making actual verification difficult.",,,,,,"It is small and has a strong sour taste, so it is used as an ingredient in magical potions.",,,,,,A book containing a Fire Arrow spell.,,,,,,,A book containing a Fire Circus spell.,,,,,,A book containing a Thunder Armor spell.,,,,,,Primarily used by training instructors and magic circle teachers.,,,,,,"I'm not homeless, I'm just traveling.",,,,,,"In the distant past, it was used for weaving or rituals.",,,,,,,,,,,,,,,,,,,,,,,,,,,,,,,,,,,
,,,,,,,,,,,,,,,,,,,,,,,,,,,,,,,,"Advanced Artifact
Staff Exclusive",,,,,,Advanced Artifact,,,,,,Advanced Artifact,,,,,,Advanced Artifact,,,,,,Advanced Grimoire,,,,,,,Rare Grimoire,,,,,,Rare Grimoire,,,,,,Rare Artifact,,,,,,Rare Artifact,,,,,,Rare Artifact,,,,,,,,,,,,,,,,,,,,,,,,,,,,,,,,,,,
,,,,,,,,,,,,,,,,,,,,,,,,,,,,,,,,,,,,,,,,,,,,,,,,,,,,,,,,,,,,,,,,,,,,,,,,,,,,,,,,,,,,,,,,,,,,,,,,,,,,,,,,,,,,,,,,,,,,,,,,,,
,,,,,,,,,,,,,,,,,,,,,,,,,,,,,,,,Sharp Eye,,,,,,Haste,,,,,,Frost Dagger,,,,,,Lightning Boomerang,,,,,,Shield Earrings,,,,,,,Battle Bracelet of Lerid,,,,,,Shield Bag,,,,,,Tuning Fork,,,,,,Scale of Conflict,,,,,,Ruby Brooch,,,,,,,,,,,,,,,,,,,,,,,,,,,,,,,,,,,
,,,,,,,,,,,,,,,,,,,,,,,,,,,,,,,,★★,,,,,,★★,,,,,,★★★★,,,,,,★★★★,,,,,,★★★,,,,,,,★★★,,,,,,★★★,,,,,,★★★★,,,,,,★★★★★,,,,,,★★★,,,,,,,,,,,,,,,,,,,,,,,,,,,,,,,,,,,
,,,,,,,,,,,,,,,,,,,,,,,,,,,,,,,,2,,,,,,2,,,,,,4,,,,,,4,,,,,,3,,,,,,,3,,,,,,3,,,,,,4,,,,,,5,,,,,,3,,,,,,,,,,,,,,,,,,,,,,,,,,,,,,,,,,,
,,,,,,,,,,,,,,,,,,,,,,,,,,,,,,,,,,,,,,,,,,,,,,,,,,,,,,,,,,,,,,,,,,,,,,,,,,,,,,,,,,,,,,,,,,,,,,,,,,,,,,,,,,,,,,,,,,,,,,,,,,
,,,,,,,,,,,,,,,,,,,,,,,,,,,,,,,,,Precision,,,[Unique],,,Wind Song,,,[Unique],,,Glacier,,,[Unique],,,Magitech,,,[Unique],,,Guardian,,,[Unique],,,,Shadow,,,[Unique],,,Guardian,,,[Unique],,,Academy,,,[Unique],,,Ember,,,[Unique],,,Storm Cloud,,,[Unique],,,,,,,,,,,,,,,,,,,,,,,,,,,,,,,
,,,,,,,,,,,,,,,,,,,,,,,,,,,,,,,,,,,,,,,,,,,,,,,,,,,,,,,,,,,,,,,,,,,,,,Academy,,,,,,Sturdy,,,,,,Glacier,,,,,,Ember,,,,,,,,,,,,,,,,,,,,,,,,,,,,,,,,,,
,,,,,,,,,,,,,,,,,,,,,,,,,,,,,,,,24 / 16 / 6 MP Cost [30s CD],,,,,,36 / 24 / 12 MP Cost [38s CD],,,,,,10 / 11 / 12 / 13 / 14 MP Cost [10s CD],,,,,,9 / 10 / 11 / 12 / 12 MP Cost [10s CD],,,,,,,,,,,,,,,,,,,,,,,,,[0.8s CD],,,,,,,,,,,,,,,,,,,,,,,,,,,,,,,,,,,,,,,,,,,,,,,
,,,,,,,,,,,,,,,,,,,,,,,,,,,,,,,,Grants Sharp Eye skill: gains +12% Critical Chance for 15s,,,,,,Grants Haste skill: gains +15% ATK SPD and +15% Move SPD for 24s,,,,,,"Grants Frost Dagger skill: summons 4 homing frost daggers that explodes, dealing 25 + 90% / 135% / 180% / 220% / 240% Cold DMG",,,,,,"Grants Lightning Boomerang skill: launch an electric boomerang that deals 30 + 180% / 240% / 310% / 380% / 450% Lightning DMG, collecting the boomerang that returned recovers part of the CD",,,,,,"+6 / +12 / +18 / +24 Max HP
-5 / -4 / -3 / -2 Evasion
",,,,,,,"+0 / +1 / +1 / +2 Dash Count
+1 / +1 / +2 / +3 True DMG
+2% / +4% / +6% / +8% Move SPD
[★★]: Successful Dodge with Dash counts as Evasion",,,,,,"For every 10 DEF:
+1 / +1 / +2 / +3 Fire DMG
+1 / +1 / +2 / +3 Cold DMG
+1 / +1 / +2 / +3 Lightning DMG",,,,,,"On Grimoire Cast, +1 stack of Sonic Wave
(5 Max): On Direct ATK, consume all stacks and deal Chaos/Grimoire DMG equal to
200% / 250% / 300% / 350% / 450% of the AVG of all DMG types per stack
+1% Tuning Fork DMG per Grimoire Haste",,,,,,"Based on which side this item is on:
+2 / +4 / +6 / +9 / +11 / +15 Main DMG
(Left: Fire | Right: Ice)
+0 / +1 / +2 / +3 / +4 / +5 Sub DMG
(Left: Ice | Right: Fire)",,,,,,"On Storm Cloud hit, inflict Burn
+3 / +5 / +7 / +10 Lightning DMG
+3 / +5 / +7 / +10 Fire DMG",,,,,,,,,,,,,,,,,,,,,,,,,,,,,,,,,,,
,,,,,,,,,,,,,,,,,,,,,,,,,,,,,,,,,,,,,,,,,,,,,,,,,,,,,,,,,,,,,,,,,,,,,,,,,,,,,,,,,,,,,,,,,,,,,,,,,,,,,,,,,,,,,,,,,,,,,,,,,,
,,,,,,,,,,,,,,,,,,,,,,,,,,,,,,,,A book containing a Sharp Eye spell.,,,,,,A book containing a Haste spell.,,,,,,A book containing a Frost Dagger spell.,,,,,,A book containing a Lightning Boomerang spell.,,,,,,The complete set consists of a pair of sword and shield earrings.,,,,,,,"After wearing, you'll have to make an effort to keep your feet heavy.",,,,,,"An item needed for dangerous journeys, sought after even by turtles.",,,,,,A device used to tune instruments.,,,,,,Balance can never be achieved.,,,,,,It sears. It shines. It shoots.,,,,,,,,,,,,,,,,,,,,,,,,,,,,,,,,,,,
,,,,,,,,,,,,,,,,,,,,,,,,,,,,,,,,Advanced Grimoire,,,,,,Advanced Grimoire,,,,,,Advanced Grimoire,,,,,,Advanced Grimoire,,,,,,Advanced Artifact,,,,,,,Rare Artifact,,,,,,Rare Bond Artifact,,,,,,Rare Bond Artifact,,,,,,Rare Bond Artifact,,,,,,Rare Bond Artifact,,,,,,,,,,,,,,,,,,,,,,,,,,,,,,,,,,,
,,,,,,,,,,,,,,,,,,,,,,,,,,,,,,,,,,,,,,,,,,,,,,,,,,,,,,,,,,,,,,,,,,,,,,,,,,,,,,,,,,,,,,,,,,,,,,,,,,,,,,,,,,,,,,,,,,,,,,,,,,
,,,,,,,,,,,,,,,,,,,,,,,,,,,,,,,,Thorn Charm,,,,,,Pinwheel,,,,,,Thorn Bush,,,,,,Broken Mirror,,,,,,Star Aquamarine,,,,,,,Icebound Tejas,,,,,,Thunderfrost Butterfly,,,,,,Sheet Music 'The Typhoon',,,,,,Rock Elephant,,,,,,Droplet of Plitvice,,,,,,,,,,,,,,,,,,,,,,,,,,,,,,,,,,,
,,,,,,,,,,,,,,,,,,,,,,,,,,,,,,,,★★★,,,,,,★★,,,,,,★★★★,,,,,,★,,,,,,★★,,,,,,,★★★,,,,,,★★★,,,,,,★★,,,,,,★★★★,,,,,,,,,,,,,,,,,,,,,,,,,,,,,,,,,,,,,,,,,
,,,,,,,,,,,,,,,,,,,,,,,,,,,,,,,,3,,,,,,2,,,,,,4,,,,,,1,,,,,,2,,,,,,,3,,,,,,3,,,,,,2,,,,,,4,,,,,,0,,,,,,,,,,,,,,,,,,,,,,,,,,,,,,,,,,,
,,,,,,,,,,,,,,,,,,,,,,,,,,,,,,,,,,,,,,,,,,,,,,,,,,,,,,,,,,,,,,,,,,,,,,,,,,,,,,,,,,,,,,,,,,,,,,,,,,,,,,,,,,,,,,,,,,,,,,,,,,
,,,,,,,,,,,,,,,,,,,,,,,,,,,,,,,,,Sturdy,,,[Unique],,,Wind Song,,,[Unique],,,Wind Song,,,[Unique],,,Guardian,,,[Unique],,,Lake,,,,,,,Ember,,,[Unique],,,Storm Cloud,,,[Unique],,,Storm Cloud,,,[Unique],,,Guardian,,,[Unique],,,Frost Relic,,,[Unique],,,,,,,,,,,,,,,,,,,,,,,,,,,,,,,
,,,,,,,,,,,,,,,,,,,,,,,,,,,,,,,,,,,,,,,Shadow,,,,,,,,,,,,,,,,,,,,,,,,,Glacier,,,,,,Glacier,,,,,,Wind Song,,,,,,Wind Song,,,,,,Lake,,,,,,,,,,,,,,,,,,,,,,,,,,,,,,,,,,
,,,,,,,,,,,,,,,,,,,,,,,,,,,,,,,,,,,,,,,,,,,,Must not be placed on the edges,,,,,,"(despite the description, it cannot be fixed)",,,,,,,,,,,,,,,,,,,,,,,,,,,,,,,[15s CD],,,,,,,,,,,,,,,,,,,,,,,,,,,,,,,,,,,,,,,,,
,,,,,,,,,,,,,,,,,,,,,,,,,,,,,,,,"+2% / +4% / +6% / +10% Critical Chance
+1 / +1 / +2 / +3 Physical DMG",,,,,,"+3% / +6% / +9% ATK SPD
+2 / +4 / +6 Evasion",,,,,,"Touching enemies during Dash deals 30% / 45% / 60% / 75% / 100% 
Physical DMG, deal double damage if Dash Point is used",,,,,,"When moving to a new floor, 
grants +5 / +12 Shield
+4 / +8 DEF",,,,,,+10% / +20% / +33% Max MP,,,,,,,"Burn becomes Blue Burn: DMG is now based on the higher DMG between Fire and Ice with extra 25% of the lower DMG
+3% / +6% / +9% / +12% Burn DMG",,,,,,"Storm Cloud becomes Snowstorm Cloud: DMG is now based on the higher DMG between Lighting and Cold with extra 25% of the lower DMG
+2 / +4 / +6 / +8 Cold DMG
+6% / +12% / +18% / +24% Storm Cloud ATK SPD",,,,,,"Gain 25% / 50% / 100% of ATK SPD as Storm Cloud ATK SPD
On Direct ATK, deal an extra 5 / 10 / 15 Lightning DMG
+4% / +8% / +12% ATK SPD",,,,,,"Gain Rock Spears ability: fire 3 stone spears, dealing DMG equal to 70% / 95% / 125% / 160% / 200% of DEF
Every 15% ATK SPD, fire 1 more spear
On Dash Count used, -3s CD",,,,,,"On Frost Relic activated, summon rotating ice swords dealing 6% Cold DMG + 50% of Additional MP above 50",,,,,,,,,,,,,,,,,,,,,,,,,,,,,,,,,,,
,,,,,,,,,,,,,,,,,,,,,,,,,,,,,,,,,,,,,,,,,,,,,,,,,,,,,,,,,,,,,,,,,,,,,,,,,,,,,,,,,,,,,,,,,,,,,,,,,,,,,,,,,,,,,,,,,,,,,,,,,,
,,,,,,,,,,,,,,,,,,,,,,,,,,,,,,,,Its thorns may poke through if placed in a bag.,,,,,,Recite the incantation for it to spin on its own.,,,,,,Don't come near.,,,,,,There might be someone who can fix it.,,,,,,For glorious vengeance.,,,,,,,A fierce spirit of fire is sealed within.,,,,,,"My beloved familiar stayed by my side, even in this form.",,,,,,"Feel it, the light resting in a moment.",,,,,,"The horn is intricately carved, seemingly fragile, yet incredibly sturdy.",,,,,,One of the crystals formed beneath the feet of an ice fairy dancing upon the lake.,,,,,,,,,,,,,,,,,,,,,,,,,,,,,,,,,,,
,,,,,,,,,,,,,,,,,,,,,,,,,,,,,,,,Advanced Artifact,,,,,,Advanced Artifact,,,,,,Advanced Artifact,,,,,,Advanced Artifact,,,,,,Advanced Artifact,,,,,,,Rare Bond Artifact,,,,,,Rare Bond Artifact,,,,,,Rare Bond Artifact,,,,,,Rare Bond Artifact,,,,,,Rare Bond Artifact,,,,,,,,,,,,,,,,,,,,,,,,,,,,,,,,,,,
,,,,,,,,,,,,,,,,,,,,,,,,,,,,,,,,,,,,,,,,,,,,,,,,,,,,,,,,,,,,,,,,,,,,,,,,,,,,,,,,,,,,,,,,,,,,,,,,,,,,,,,,,,,,,,,,,,,,,,,,,,
,,,,,,,,,,,,,,,,,,,,,,,,,,,,,,,,Water Bag,,,,,,Star Ruby,,,,,,Blood of Obrus,,,,,,Ahmad's Spirit Powder,,,,,,Devotion Insignia,,,,,,,Tactical Manual,,,,,,Shimmering Eyes,,,,,,Sheet Music 'Galaxy',,,,,,Eternal Eclipse,,,,,,Flux Coupler Mk.2,,,,,,,,,,,,,,,,,,,,,,,,,,,,,,,,,,,
,,,,,,,,,,,,,,,,,,,,,,,,,,,,,,,,★★★,,,,,,★★,,,,,,★★★,,,,,,★★★★,,,,,,★★★,,,,,,,★★★,,,,,,★★★★,,,,,,★★,,,,,,★★★,,,,,,★★★,,,,,,,,,,,,,,,,,,,,,,,,,,,,,,,,,,,
,,,,,,,,,,,,,,,,,,,,,,,,,,,,,,,,3,,,,,,2,,,,,,3,,,,,,4,,,,,,3,,,,,,,3,,,,,,4,,,,,,2,,,,,,3,,,,,,3,,,,,,,,,,,,,,,,,,,,,,,,,,,,,,,,,,,
,,,,,,,,,,,,,,,,,,,,,,,,,,,,,,,,,,,,,,,,,,,,,,,,,,,,,,,,,,,,,,,,,,,,,,,,,,,,,,,,,,,,,,,,,,,,,,,,,,,,,,,,,,,,,,,,,,,,,,,,,,
,,,,,,,,,,,,,,,,,,,,,,,,,,,,,,,,,Lake,,,[Unique],,,Lake,,,,,,Lake,,,[Unique],,,Companion,,,[Unique],,,Companion,,,[Unique],,,,Companion,,,[Unique],,,Shadow,,,[Unique],,,Planet,,,[Unique],,,Solar Blade,,,[Unique],,,Storm Cloud,,,[Unique],,,,,,,,,,,,,,,,,,,,,,,,,,,,,,,
,,,,,,,,,,,,,,,,,,,,,,,,,,,,,,,,,,,,,,,,,,,,,,,,,,,Magitech,,,,,,,,,,,,,Precision,,,,,,Precision,,,,,,Wind Song,,,,,,Frost Relic,,,,,,Companion,,,,,,,,,,,,,,,,,,,,,,,,,,,,,,,,,,
,,,,,,,,,,,,,,,,,,,,,,,,,,,,,,,,[5s CD],,,,,,,,,,,,,,,,,,20s Revive Time,,,,,,,,,,,,,,,,,,,,,,,,,,,,,,,,,,,,,[0.1s CD] for each Companion,,,,,,,,,,,,,,,,,,,,,,,,,,,,,,,,,,,
,,,,,,,,,,,,,,,,,,,,,,,,,,,,,,,,"+1 Max MP when MP is consumed
(10 / 15 / 20 / 25 Max Stacks)",,,,,,+10% / +20% / +33% Max HP,,,,,,+3 / +6 / +9 / +12 MP Steal,,,,,,"Summons Electric Jellyfish: fires lightning projectiles, dealing 20 / 37 / 62 / 85 / 110 Companion DMG and inflicting Electrocution (66 / 72 / 78 / 84 / 105 HP)",,,,,,"Companions in the same row deals Chaos DMG instead
+6 / +12 / +18 / +24 Companion DEF",,,,,,,"Companions gain 30% / 60% / 90% / 120% of your Critical Chance/DMG
+2% / +4% / +6% / +8% Critical Chance",,,,,,"On Critical Hit, gain Mirage: when full, evade the next attack and deal Chaos DMG equal to 300% / 600% / 900% / 1200% / 1500% of Evasion to enemies within a ??? tiles range",,,,,,"+4% / +8% / +12% ATK SPD
[★★]: Each Direct ATK hit increases Planet ATK SPD",,,,,,"Left Side: Frost Relic scales to Fire DMG
Right Side: Solar Blade scales to Cold DMG
Solar Blade now activates on Frost Relic hit
+6% / +13% / +21% / +30% Frost Relic DMG
+6% / +13% / +21% / +30% Solar Blade DMG",,,,,,"When Lightning DMG is dealt by a Companion: Shoot Storm Cloud
+3% / +6% / +9% / +12% 
Companion DMG",,,,,,,,,,,,,,,,,,,,,,,,,,,,,,,,,,,
,,,,,,,,,,,,,,,,,,,,,,,,,,,,,,,,,,,,,,,,,,,,,,,,,,,,,,,,,,,,,,,,,,,,,,,,,,,,,,,,,,,,,,,,,,,,,,,,,,,,,,,,,,,,,,,,,,,,,,,,,,
,,,,,,,,,,,,,,,,,,,,,,,,,,,,,,,,"Dew fills it overnight, and the bud closes during the day.",,,,,,To a new life.,,,,,,They say that drinking this blood brings a sickness that makes crossing running water impossible.,,,,,,The place without waves. The place without waves. The place where no one has to be hurt. I want to go back there.,,,,,,For the sake of the one and only.,,,,,,,A book stored in the library. Its date of writing is unknown.,,,,,,"Formless yet tangible, it won't escape even when placed in a bag.",,,,,,Woven with the darkness of the sky and the stars.,,,,,,Model carved with the blue moon and sun.,,,,,,Old device. Written on the back: 'Standard Issue - Compatible with Most Entities'.,,,,,,,,,,,,,,,,,,,,,,,,,,,,,,,,,,,
,,,,,,,,,,,,,,,,,,,,,,,,,,,,,,,,Advanced Artifact,,,,,,Advanced Artifact,,,,,,Advanced Artifact,,,,,,Advanced Companion,,,,,,Advanced Companion,,,,,,,Rare Bond Artifact,,,,,,Rare Bond Artifact,,,,,,Rare Bond Artifact,,,,,,Rare Bond Artifact,,,,,,Rare Bond Artifact,,,,,,,,,,,,,,,,,,,,,,,,,,,,,,,,,,,
,,,,,,,,,,,,,,,,,,,,,,,,,,,,,,,,,,,,,,,,,,,,,,,,,,,,,,,,,,,,,,,,,,,,,,,,,,,,,,,,,,,,,,,,,,,,,,,,,,,,,,,,,,,,,,,,,,,,,,,,,,
,,,,,,,,,,,,,,,,,,,,,,,,,,,,,,,,Pearl Dust,,,,,,Orb of Yearning,,,,,,Tero's Spirit Powder,,,,,,Great Blessing,,,,,,Elastic Band,,,,,,,Eternal Winter,,,,,,"Agma Projection Sword No. 190, 191",,,,,,Multipurpose Belt,,,,,,Blue Hook,,,,,,Meditation Book,,,,,,,,,,,,,,,,,,,,,,,,,,,,,,,,,,,
,,,,,,,,,,,,,,,,,,,,,,,,,,,,,,,,★★,,,,,,★★★,,,,,,★★★★★,,,,,,★★,,,,,,★★,,,,,,,★★,,,,,,★★★★★★★,,,,,,★★★,,,,,,★★★,,,,,,★★★,,,,,,,,,,,,,,,,,,,,,,,,,,,,,,,,,,,
,,,,,,,,,,,,,,,,,,,,,,,,,,,,,,,,2,,,,,,3,,,,,,5,,,,,,2,,,,,,2,,,,,,,2,,,,,,7,,,,,,3,,,,,,3,,,,,,3,,,,,,,,,,,,,,,,,,,,,,,,,,,,,,,,,,,
,,,,,,,,,,,,,,,,,,,,,,,,,,,,,,,,,,,,,,,,,,,,,,,,,,,,,,,,,,,,,,,,,,,,,,,,,,,,,,,,,,,,,,,,,,,,,,,,,,,,,,,,,,,,,,,,,,,,,,,,,,
,,,,,,,,,,,,,,,,,,,,,,,,,,,,,,,,,Academy,,,,,,Academy,,,[Unique],,,Companion,,,[Unique],,,Mystic,,,[Unique],,,Shadow,,,[Unique],,,,Glacier,,,[Unique],,,Sturdy,,,[Unique],,,Mystic,,,[Unique],,,Mystic,,,[Unique],,,Academy,,,[Unique],,,,,,,,,,,,,,,,,,,,,,,,,,,,,,,
,,,,,,,,,,,,,,,,,,,,,,,,,,,,,,,,,,,,,,,,,,,,,Ember,,,,,,,,,,,,,,,,,,,Sturdy,,,,,,,,,,,,,,,,,,,,,,,,,,,,,,,,,,,,,,,,,,,,,,,,,,,,,,,,,,
,,,,,,,,,,,,,,,,,,,,,,,,,,,,,,,,,,,,,,Reserve 15 MP,,,,,,20s Revive Time,,,,,,19 / 15 / 12 MP Cost [20s CD],,,,,,,,,,,,,,,,,,,,,,,,,Must be placed on the lowest slots,,,,,,,,,,,,,,,,,,,,,,,,,,,,,,,,,,,,,,,,,,,,,,,
,,,,,,,,,,,,,,,,,,,,,,,,,,,,,,,,+8% / +10% / +12% Grimoire DMG,,,,,,"+10% / +12% / +15% / +18%
Grimoire DMG",,,,,,"Summons Fire Jellyfish: shoot fire projectiles, dealing 22 / 28 / 34 / 40 / 48 / 60 Companion DMG and inflicting Burn (66 / 72 / 78 / 84 / 105 / 120 HP)",,,,,,Grants Great Blessing skill: gains +12% All DMG for 12s,,,,,,"On Evasion, recover Dash Count by 
1 / 1 / 2
+2% / +4% / +6% Critical DMG
+1 / +2 / +3 Evasion",,,,,,,"On Normal ATK hit, 16% / 24% / 36% chance to additionally deal 100% of Physical DMG + 80% / 150% / 250% of Cold DMG as Normal ATK DMG (Affected by Weighted Activation Probability)",,,,,,+2 / +3 / +4 / +6 / +8 / +10 / +12 / +14 Physical DMG,,,,,,"For each artifact on the top slots:
+1 / +1 / +1 / +2 Fire DMG
+1 / +1 / +1 / +2 Lightning DMG
+1 / +1 / +1 / +2 Cold DMG",,,,,,"When HP is at or above 70%:
+6% / +8% / +10% / +15% All DMG",,,,,,"Grimoires can be cast
without initial delay
+6% / +8% / +11% / +14%
Grimoire DMG",,,,,,,,,,,,,,,,,,,,,,,,,,,,,,,,,,,
,,,,,,,,,,,,,,,,,,,,,,,,,,,,,,,,,,,,,,,,,,,,,,,,,,,,,,,,,,,,,,,,,,,,,,,,,,,,,,,,,,,,,,,,,,,,,,,,,,,,,,,,,,,,,,,,,,,,,,,,,,
,,,,,,,,,,,,,,,,,,,,,,,,,,,,,,,,"It can now be made artificially, but plenty of counterfeit dust is still in circulation.",,,,,,Looking at it causes your eyes to spin.,,,,,,My little friend who danced with me in the stillness.,,,,,,A book containing a Great Blessing spell.,,,,,,Made for stiff animals.,,,,,,,It was buried in the dirt. Doesn't seem like something of this world. - Taga,,,,,,The 190th. Its shape resembles a sword. Energy manifests only in symmetrical form. The blade itself does not appear. - Agma,,,,,,A must-have item for wanderers! Color code items to access them with ease! - Kiki,,,,,,You must not look when taking it out of the bag.,,,,,,"Don't try to grow yourself, accept who you are in this moment.",,,,,,,,,,,,,,,,,,,,,,,,,,,,,,,,,,,
,,,,,,,,,,,,,,,,,,,,,,,,,,,,,,,,Advanced Artifact,,,,,,Advanced Artifact,,,,,,Advanced Companion,,,,,,Advanced Grimoire,,,,,,Advanced Artifact,,,,,,,Rare Bond Artifact,,,,,,Rare Artifact,,,,,,Rare Artifact,,,,,,Rare Artifact,,,,,,Rare Artifact,,,,,,,,,,,,,,,,,,,,,,,,,,,,,,,,,,,
,,,,,,,,,,,,,,,,,,,,,,,,,,,,,,,,,,,,,,,,,,,,,,,,,,,,,,,,,,,,,,,,,,,,,,,,,,,,,,,,,,,,,,,,,,,,,,,,,,,,,,,,,,,,,,,,,,,,,,,,,,
,,,,,,,,,,,,,,,,,,,,,,,,,,,,,,,,Glass Hammer,,,,,,Heita's Spirit Powder,,,,,,Firefly,,,,,,Kunai,,,,,,White Paper,,,,,,,Bunnyville Guard Helmet,,,,,,Green Gi,,,,,,Oink Shaman's Necklace,,,,,,Crimson Sunset,,,,,,Lightning Stone,,,,,,,,,,,,,,,,,,,,,,,,,,,,,,,,,,,
,,,,,,,,,,,,,,,,,,,,,,,,,,,,,,,,★★★,,,,,,★★★★,,,,,,★★,,,,,,★★,,,,,,★,,,,,,,★★★,,,,,,★★★,,,,,,★★★★,,,,,,★★★★,,,,,,★★★★★★,,,,,,,,,,,,,,,,,,,,,,,,,,,,,,,,,,,
,,,,,,,,,,,,,,,,,,,,,,,,,,,,,,,,3,,,,,,4,,,,,,2,,,,,,2,,,,,,1,,,,,,,3,,,,,,3,,,,,,4,,,,,,4,,,,,,6,,,,,,,,,,,,,,,,,,,,,,,,,,,,,,,,,,,
,,,,,,,,,,,,,,,,,,,,,,,,,,,,,,,,,,,,,,,,,,,,,,,,,,,,,,,,,,,,,,,,,,,,,,,,,,,,,,,,,,,,,,,,,,,,,,,,,,,,,,,,,,,,,,,,,,,,,,,,,,
,,,,,,,,,,,,,,,,,,,,,,,,,,,,,,,,,Sturdy,,,[Unique],,,Companion,,,[Unique],,,Magitech,,,[Unique],,,Precision,,,[Unique],,,,,,[Unique],,,,Sturdy,,,[Unique],,,Shadow,,,[Unique],,,Curse,,,,,,Solar Blade,,,[Unique],,,Storm Cloud,,,,,,,,,,,,,,,,,,,,,,,,,,,,,,,,,,
,,,,,,,,,,,,,,,,,,,,,,,,,,,,,,,,,,,,,,,Glacier,,,,,,,,,,,,,,,,,,,,,,,,,,,,,,,,,,,,,,,,,,,,,,,,,,,,,,,,,,,,,,,,,,,,,,,,,,,,,,,,,,,
,,,,,,,,,,,,,,,,,,,,,,,,,,,,,,,,,,,,,,20s Revive Time,,,,,,,,,,,,,,,,,,Works on dual-combo pairs,,,,,,,,,,,,,Counts as a Melee ATK [No CD],,,,,,,,,,,,,,,,,,,,,,,,,,,,,,,,,,,,,,,,,,,,,,,,,,,,,
,,,,,,,,,,,,,,,,,,,,,,,,,,,,,,,,"+3% / +6% / +9% / +12% Weapon DMG
-3% / -6% / -9% / -12% Max HP
",,,,,,"Summons Frost Jellyfish: fires ice projectiles, dealing 32 / 42 / 51 / 60 / 72 Companion DMG and inflicting Frostbite
(110 / 120 / 130 / 140 / 175 HP)",,,,,,"+4 / +8 / +12 Lightning DMG
Disabled for 6s on damage taken",,,,,,"On Normal ATK, 20% / 25% / 30% chance to fire a Kunai: dealing 10 + 20% / 25% / 30% Critical DMG
(Affected by Weighted Activation Probability)",,,,,,"If artifact on the left and right slot is from the same combo, 
White Paper copies that combo
+3% / +6% All DMG",,,,,,,"+4% / +8% / +12% / +16% Weapon DMG
-4 / -4 / -8 / -8 Evasion",,,,,,"On Successful Evasion, cast Tiger Strike: launch an energy forward, dealing 30 + 200% / 300% / 450% / 600% Physical DMG
+2 / +3 / +4 / +5 Evasion
+5% / +7% / +9% / +12% Move SPD",,,,,,+20% / +40% / +60% / +80% / +100% Duration of debuffs inflicted on enemies,,,,,,Solar Blades have 20% / 40% / 60% / 80% / 100% chance to become Large: deals +33% more DMG,,,,,,+25% / +30% / +35% / +40% / +45% / +50% / +60% Storm Cloud DMG,,,,,,,,,,,,,,,,,,,,,,,,,,,,,,,,,,,
,,,,,,,,,,,,,,,,,,,,,,,,,,,,,,,,,,,,,,,,,,,,,,,,,,,,,,,,,,,,,,,,,,,,,,,,,,,,,,,,,,,,,,,,,,,,,,,,,,,,,,,,,,,,,,,,,,,,,,,,,,
,,,,,,,,,,,,,,,,,,,,,,,,,,,,,,,,"It says it commemorates someone, but it's hard to make out.",,,,,,My comrades who parted ways with me on the night the world trembled.,,,,,,A bug that emits a cold light. It tingles when touched.,,,,,,Great for gardening. - Ken,,,,,,"The moment you touch it, a desire to fill the paper arises.",,,,,,,Fits only the face of an average-sized rabbit.,,,,,,Those who protect wear green.,,,,,,"A crudely woven necklace of fangs, bones, and gems.",,,,,,Captured the precise moment with color-infused fabric.,,,,,,"Though it was discovered that contact with metal is what causes lightning to strike, nobody wants to risk using this stone.",,,,,,,,,,,,,,,,,,,,,,,,,,,,,,,,,,,
,,,,,,,,,,,,,,,,,,,,,,,,,,,,,,,,Advanced Artifact,,,,,,Advanced Companion,,,,,,Advanced Artifact,,,,,,Advanced Artifact,,,,,,Advanced Artifact,,,,,,,Rare Artifact,,,,,,Rare Artifact,,,,,,Rare Artifact,,,,,,Rare Artifact,,,,,,Rare Artifact,,,,,,,,,,,,,,,,,,,,,,,,,,,,,,,,,,,
,,,,,,,,,,,,,,,,,,,,,,,,,,,,,,,,,,,,,,,,,,,,,,,,,,,,,,,,,,,,,,,,,,,,,,,,,,,,,,,,,,,,,,,,,,,,,,,,,,,,,,,,,,,,,,,,,,,,,,,,,,
,,,,,,,,,,,,,,,,,,,,,,,,,,,,,,,,Ancient Anvil,,,,,,Solis Parvo,,,,,,Solis Decussa,,,,,,Meteorite Pauldrons,,,,,,Pallas's Cards,,,,,,,Lizard Plate Armor,,,,,,White Planet,,,,,,,,,,,,,,,,,,,,,,,,,,,,,,,,,,,,,,,,,,,,,,,,,,,,,
,,,,,,,,,,,,,,,,,,,,,,,,,,,,,,,,★★★,,,,,,★★★★,,,,,,★★★,,,,,,★★★★,,,,,,★★★★,,,,,,,★★★★,,,,,,★★★★★★★,,,,,,,,,,,,,,,,,,,,,,,,,,,,,,,,,,,,,,,,,,,,,,,,,,,,,
,,,,,,,,,,,,,,,,,,,,,,,,,,,,,,,,3,,,,,,4,,,,,,3,,,,,,4,,,,,,4,,,,,,,4,,,,,,7,,,,,,,,,,,,,,,,,,,,,,,,,,,,,,,,,,,,,,,,,,,,,,,,,,,,,
,,,,,,,,,,,,,,,,,,,,,,,,,,,,,,,,,,,,,,,,,,,,,,,,,,,,,,,,,,,,,,,,,,,,,,,,,,,,,,,,,,,,,,,,,,,,,,,,,,,,,,,,,,,,,,,,,,,,,,,,,,
,,,,,,,,,,,,,,,,,,,,,,,,,,,,,,,,,Solar Blade,,,[Unique],,,Solar Blade,,,[Unique],,,Solar Blade,,,[Unique],,,Solar Blade,,,[Unique],,,Wind Song,,,[Unique],,,,Guardian,,,[Unique],,,Planet,,,[Unique],,,,,,,,,,,,,,,,,,,,,,,,,,,,,,,,,,,,,,,,,,,,,,,,,
,,,,,,,,,,,,,,,,,,,,,,,,,,,,,,,,,,,,,,,,,,,,,,,,,,,,,,,,,,,,,,,,,,,,,,,,,,,,,,,,,,,,,,,,,,,,,,,,,,,,,,,,,,,,,,,,,,,,,,,,,,
,,,,,,,,,,,,,,,,,,,,,,,,,,,,,,,,,,,,,,,,,,,,,,,,,,[10s / 8s / 6s / 4s / 2.5s CD],,,,,,,,,,,,,,,,,,,,,,,,,,,,,,,,,,,,,,,,,,,,,,,,,,,,,,,,,,,,,,,,,,,,,,,,
,,,,,,,,,,,,,,,,,,,,,,,,,,,,,,,,"+10% / +20% / +30% / +40%
Solar Blade Fall SPD
+2 / +4 / +6 / +8 Fire DMG",,,,,,"+1 / +1 / +2 / +2 / +3 Solar Blade Count
+1% / +2% / +4% / +6% / +8%
Move SPD",,,,,,"+5% / +10% / +15% / +20%
Solar Blade DMG
+4% / +8% / +12% / +16% Critical DMG",,,,,,"Grants Meteorite Pauldrons ability: pull all Solar Blades on the ground towards you and collect them, dealing Solar Blade DMG to enemies in their path",,,,,,"On Normal ATK, 10% + Luck x 0% / 0.5% / 1% / 1.5% / 2% chance to fire a Card: homes in towards nearest enemy, dealing 24 Physical DMG",,,,,,,"+14 / +16 / +18 / +21 / +24 DEF
-2% / -4% / -6% / -8% / -10% Move SPD
-2% / -4% / -6% / -8% / -10% ATK SPD
-2 / -4 / -6 / -8 / -10 Grimoire Haste",,,,,,"Summons a White Planet: fires ice bullets, dealing 30 / 36 / 42 / 48 / 54 / 60 / 66 / 72 Cold DMG",,,,,,,,,,,,,,,,,,,,,,,,,,,,,,,,,,,,,,,,,,,,,,,,,,,,,
,,,,,,,,,,,,,,,,,,,,,,,,,,,,,,,,,,,,,,,,,,,,,,,,,,,,,,,,,,,,,,,,,,,,,,,,,,,,,,,,,,,,,,,,,,,,,,,,,,,,,,,,,,,,,,,,,,,,,,,,,,
,,,,,,,,,,,,,,,,,,,,,,,,,,,,,,,,"Adapts to the user, but it's currently lost its power.",,,,,,A dagger-shaped badge awarded to those who have become equals with the spirits.,,,,,,A twin sword-shaped badge awarded to one who skillfully handles spirits.,,,,,,Barely refined to preserve its unique effect.,,,,,,"No matter how you shuffle, the Spade always rises to the top.",,,,,,,Plate armor crafted by a skilled lizard artisan. It boosts excellent protection.,,,,,,A white planet model displayed in the library. It was made in the past by those who looked beyond the skies.,,,,,,,,,,,,,,,,,,,,,,,,,,,,,,,,,,,,,,,,,,,,,,,,,,,,,
,,,,,,,,,,,,,,,,,,,,,,,,,,,,,,,,Advanced Artifact,,,,,,Advanced Artifact,,,,,,Advanced Artifact,,,,,,Advanced Artifact,,,,,,Advanced Artifact,,,,,,,Rare Artifact,,,,,,Rare Artifact,,,,,,,,,,,,,,,,,,,,,,,,,,,,,,,,,,,,,,,,,,,,,,,,,,,,,